author_id,region,tweet_count
10_gop,Unknown,372
1488reasons,Unknown,52
1488reasons,,1
1D_Nicole_,United States,44
1Erik_Lee,United States,2
1lorenafava1,Italy,3051
2ndHalfOnion,United States,3
459Jisalge,United States,1
4ever1937,Unknown,1593
4ever1937,,1
4ever_susan,United States,63
4MySquad3312143142,United States,3391
4MySquad4036537452,United States,1441
4MySquad4036537452,,7
5emen5emenich,United States,621
5l5_5l5,United Arab Emirates,464
666steverogers,Unknown,139
6Druz,Unknown,830
6Druz,,1
6Druz,Japan,1
71bilaljamil1,Israel,23
AAAsssssHHH,United States,71
aaatest1234,Unknown,1
aaavadakedavraa,Unknown,544
AAGN1AA,Azerbaijan,508
aantiracist,United States,1252
AaronAllenAll,United States,18
Aaron_M1tchell,Unknown,4
AbalakovaYlia,Unknown,441
abbasshukri,United States,1
abbylopTrT,Unknown,3
abellabab,United States,40
AbigailCallMe,United States,70
abigailssilk,United States,1714
abiissrosb,United States,761
abisadmassT,Unknown,7
abmerrlins,Unknown,531
aboutpolit,United States,72
AbramsRebekah,United States,24
Abunuwasa,Israel,175
Abu_Ubaida2,Egypt,1
ACAB_ZONE,United States,279
ACaparella,Unknown,570
acejinev,United States,5939
acejinev,Unknown,321
AchsahOrkhan,Unknown,5
activemikr,United States,1
adalesTrTM,Unknown,3
AdamChapmanJR,United States,1499
adamma_defond,United Arab Emirates,700
Adam_Mathisss,United States,45
Addie_Hol,United States,149
adele_brock,United States,126
AdeliinesTrT,Unknown,7
Adeline_Gs,United States,27
adelisTrTT,Unknown,7
adkezlate,United States,88
adleestTT,Unknown,3
adleeswod,Unknown,6
adnnelstr,Unknown,3232
adnnelstr,United States,3131
AdrGreerr,United States,1897
AdrianaMfttt,United States,99
adriasnss,United States,330
Adrienne_GG,United States,2501
Adrienne_GG,United Kingdom,397
Adrienne_GG,,2
Adri_Low_r,United States,53
AEsparzza,United States,9
afeeliutr,United States,1392
AfifyAmira1,Unknown,82
Afonia_Zhilcov,United States,433
AfoninMixail,Unknown,462
africavserdce,Unknown,442
AFuckInside,United States,46
AgafonMe,Russian Federation,260
AgafonMe,Azerbaijan,34
AgainUkrFake,Unknown,3
agata_alexeeva,United States,570
AgitPolk,Unknown,382
agnesgrhm,United States,158
agnesmltrT,Unknown,3
agnessTrYT,Unknown,6
ahmadhusseinii,Israel,187
ahmadradjab,Unknown,109
AhmadYousef23,Israel,9
AhmadYusuff03,Israel,146
AhmadYusuff03,Unknown,91
AhmadYusuff03,United States,14
AhmadYusuff03,Turkey,9
ahmansour91061,Iraq,17
ahmansour91061,Unknown,2
ahNordyk,United Arab Emirates,562
AHogan_Am,United States,61
ah_veroniki,United Arab Emirates,1148
Aiden7757,United States,3139
Aiden7757,,3
akoromyslova,Russian Federation,13
alanisstrs,Unknown,1104
alaxxaTR,Unknown,862
alaxxaTrT,Unknown,6
albelitaTrTs,Unknown,6
Alberta_Hayness,United States,101
AlbertMoreNMore,United States,1100
AlbuquerqueOn,Unknown,2835
Aldrich420,United States,3496
AlecMooooody,United States,8369
aleesaTrs,Unknown,6
AleksAnisimof,Azerbaijan,5
Aleksey_Sokol_,Unknown,959
alemichless,Unknown,3
alenazeldina,United States,497
alesisTrTT,Unknown,6
AlessiaWillson,Unknown,36
Alex___Ant,United States,66
AlexBoronin,United States,55
Alex_Dugin,United Arab Emirates,1380
AlexHarritonov,Azerbaijan,2332
AlexisFoxie,United States,78
AlexLovesShenna,United States,24
Alexmmyer,Germany,215
AlexsVladimirov,Unknown,974
AlexWarningU,United States,92
AlexxBelyaev,United States,433
AlexxdrtrR,Unknown,3286
AlfNewDay,United States,2
AlfredBenBen,United States,25
AlfredThree,United States,224
ali27hussein,Israel,21
alidanilovskaya,United States,2
aliistrr,United States,1632
alina_9_1,United Arab Emirates,758
AlinaAntonchik,Unknown,14
alinalinki_,Unknown,531
AlinaNovikov022,Unknown,508
AlinaViatkova,United Arab Emirates,486
alisa_fratkina,Unknown,487
AlisonDavol,United Arab Emirates,500
AlizasShield,United States,80
allahomore,Unknown,465
allberrtOss,Unknown,962
AllForPetersons,United States,28
AlmostSaintGirl,United States,93
alodoy,United States,22
AltmanBelinda,United States,139
AltmanCoon,Unknown,497
Alva_Mc_ghee,United States,133
AlwaysHungryBae,United States,1
AlW_iLL,United States,43
AlyssaBedolla,United States,345
AmaliaHulick3072888643,United States,1
AmaliaHulick777000000000000000,United States,4
amalia_petty,United States,86
amamcamcam,United States,84
AmandaVGreen,United States,4335
AmandaVGreen,,9
ambaasTrT,Unknown,6
ambberthTT,United States,152
AmberDavv,United States,7
amberlinetr,United States,3025
amberrPaR,Unknown,1231
Amconvoice,United States,370
AmelCreech,United States,46
AmelieBaldwin,United States,35370
AmelieBaldwin,,1
AmelinaasTR,United States,834
AmericanAlbert,United States,417
amiistrs,Unknown,816
AmiraFerrr,United States,22
AmirahPope,United States,62
AmiricanWill,United States,29
AmiricanWill,Germany,11
AmiyahSamuels,United States,181
AmyGrabMyEssay,United States,339
AmyMusicLL,United States,49
amyyslegentr,Unknown,1219
amyyssTs,Unknown,3
amyythossma,United States,6
AnaaisLEC,Unknown,2535
anaaleSSIs,Unknown,1411
AnastasiaR777,Azerbaijan,498
AnastassiaZZ,United States,791
AnastassiTR,Unknown,293
AnatoliNemcov,United Arab Emirates,628
AnatolRmnff,Unknown,7
anbiValentnaya,Unknown,433
ancarictrS,Unknown,273
andeerLWr,United States,675
andeynesterov,United States,200
AndiosmarrTrump,Unknown,1445
AndreasEulitz,United Kingdom,205
AndreBakin,Russian Federation,499
andrebeauleger,France,22
AndrejFrolov69,Russian Federation,1
AndrewHeddd,United States,48
andrey_lischina,Ukraine,30
andrey_lischina,Serbia,2
andreyykondrat1,Unknown,27
AndrisnaBRT,Unknown,820
AndriyCCCP,United States,507
Androfag,Russian Federation,22
AndrreetrT,Unknown,550
AndruninVanya,Azerbaijan,19
AndryNaumov,Unknown,10
Andry_Volk,Unknown,48
andsbxx30,United States,10
AndyDrewDaniels,United States,1851
AndyDrewDaniels,,1
AndyHashtagger,United States,9294
Andy_Puchinskyi,United Arab Emirates,11
aneelssTrT,Unknown,3
Anettanovgorod,Azerbaijan,358
AnfinrudSadie,United States,26
anfisamickey,Azerbaijan,455
AnFraizer,United States,44
ang__bowers,United States,34
angeelisHET,Unknown,81
angeelistr,Unknown,936
angelabach991,Germany,240
angela_lattke,Unknown,389
AngelikaMusi,United Arab Emirates,484
angelikorotkova,United States,491
angelinaDarcy_,Unknown,490
angelinaladova,Unknown,483
angelistRR,Unknown,255
angeliTHss,Unknown,113
AngeloEnough,United States,33
AngisDOOyl,Unknown,565
AngtheesTR,Unknown,670
aniiAntrs,Unknown,5504
anisaCrrutr,Unknown,578
AnisiLOpe,United States,881
anissNovotr,Unknown,158
anitabr1994,Unknown,38
anitaloveheart,United States,62
ANJELICAFAMOUS,Azerbaijan,543
ankidinovakira,Russian Federation,3
Ann1eMcconnell,United States,125
an_na__an,United States,13
annabezguzikova,Russian Federation,6
AnnaMarfina,United States,14
AnnamIngT,Unknown,1146
AnnaRoman0,Italy,3227
_Anna_Sanna_,Unknown,506
anna_vysokaya,United States,480
Ann__Bogdanova,Unknown,489
AnnetteTeal1,Russian Federation,3
An_n_gaston,United States,107
Ann_HanAh,United States,70
AnniEisbear,Germany,190
AnniePoshes,United States,3042
AnniePoshes,,2
annijonstr,Unknown,581
AnnSam_Sam,Ukraine,1204
Anny_dubi,Unknown,536
anoraVerd,United States,474
anoraVerd,Russian Federation,62
anossovv,United Arab Emirates,682
AnthonyCanlass,United States,26
anthonycartr,United States,33
AnthonyWoodboy,United States,93
AntieHarmon,United States,169
AntonFromSPb,United Arab Emirates,547
AntonHayHay,United States,10426
AntoninaPervay,United Arab Emirates,271
Antonovmenmenco,Unknown,246
antonrumss,Unknown,546
AntoshaKargin,United Arab Emirates,407
antyshevalida,United States,515
AnwarGafur,Israel,3
AnwarJamil22,Israel,113
Anya_Isa1282,Unknown,552
anzgri,United States,1983
anzgri,,7
anzgri,Unknown,2
anzgri,Japan,1
apriildTruT,United States,5
AprrilsBruss,United States,856
Apuhna,United States,8
arabmtr,Unknown,2334
aragartrr,United States,1051
ArchieOlivers,United States,2230
arestovevg,Unknown,491
ArgentinaCatle1,United States,680
ariaanst,Unknown,209
Arianna_Per_ry,United States,28
arieensLpe,Unknown,965
Arielle_Brownin,United States,80
ArielShining,United States,93
arina_rondal,United States,519
arisgrays,United States,429
arkadii_trofim,Azerbaijan,1484
ArkadShihkin,Unknown,37
arkhipovichivna,Unknown,531
Arkhipovtioveof,Unknown,243
Arm_2_Alan,United States,14721
ArmedFrejya,United States,6
arnoldparrk,United States,38
AronHolden8,United States,120
arons_kwende,United States,514
Arseni_Roman,Unknown,359
artautumn,Russian Federation,40
ArtemBogachenko,Unknown,1
artemmplotnikov,Russian Federation,388
artemmplotnikov,United States,31
artem_polishhuk,Unknown,47
artemssFE,Unknown,1857
ArthClaudia,United States,103
ArtKorchunov,Azerbaijan,7
artur__2014,United Arab Emirates,577
ArturBuranof,Unknown,757
ArtyrTolstov,United States,635
AryannaJ0nes,United States,8
arzhanovaaa,Unknown,394
AsdiqaRussiya,Unknown,18
ashleecollinss,United States,39
AshleeYWEs,Unknown,621
Ashley_Kri,United States,47
ashleysimpsn,United States,90
assuncaowallas,United States,108
aswwimMOrris,Unknown,752
AsyaArrive,United States,973
Atif_Shaikh_me,United States,79
Atlanta_Online,United States,8496
Atlanta_Online,,3
AtulScarpa,United States,17
au_norton,United States,1
AurrlisTR,United States,1199
AustinLovesBeer,United States,403
AveerTesT,Unknown,6
AveregeAnna,United States,83
aviapres,Unknown,696
AvrylStewart,United States,9
ayanna__0,United States,92
AydenBoston,United States,23
Ayleensclar,Unknown,486
aziiz_hadith,Egypt,4
AzuuMarSS,Unknown,1400
baailst,Unknown,3
babchenkova,Russian Federation,210
babchenkova,,3
babchenkova,France,3
babchenkova,Hong Kong,3
babchenkova,Italy,2
babchenkova,Austria,1
BABCHENKOVA_EVA,Unknown,60
babichevaSonya,United States,532
BabyJannyMeow,United States,3261
BabyJannyMeow,,6
BaconTonia,United States,12
badaevViktor,United States,629
Badr_Earabi,Egypt,2
BakingBekker,United States,31
balasikavow,United Arab Emirates,37
balldomer,United Arab Emirates,18
BallllWalt,United States,21
Baltimore0nline,United States,10328
Baltimore0nline,,3
bambisMuT,Unknown,8
BAmmbjoltr,Unknown,285
bannovamari,United States,14
BanttaNantta,Azerbaijan,1375
BanttaNantta,,1
BaoBaeHam,United States,6164
barabashV2,United States,595
BarbaraForTrump,Unknown,204
BarbaraForTrump,United States,108
BarbaraMeer,Germany,45
BarbieLewiss,United States,11
BarelyBarboza,United States,165
Barely_Kim,United States,33
BarrLautRs,Unknown,860
Barry_mill,United States,12
bataeev,United Arab Emirates,8
BatashevSerega,United States,21
Batman_Bane,United States,274
BatonRougeVoice,United States,10758
Bauman_off,United States,1141
BayOfTamara,United States,56
BazhinVazhen,Unknown,378
BBHelgeson3067781452,United States,22
BBHelgeson3268721905,United States,44
BeautyMercela,United States,228
beautyuser,Unknown,550
be_bruta_l,United States,26
BeccyWill,United States,132
BechterevMih,Russian Federation,458
BeckRalfbeck265,Germany,278
bedovvitaliy,United States,588
beeatrwl,Unknown,2128
BeebclapTT,Unknown,4467
BeebclapTT,Japan,3
beellasTrTT,Unknown,6
BeettyBEcks,United States,165
BegayEvangeline,United States,11
Begi_Begunova,Unknown,457
_beglov,United Arab Emirates,1633
BeingSwartz,United States,50
bekkosv,Russian Federation,12
bekosv,United Arab Emirates,536
BelBelloc,United States,40
belikova_love,Unknown,540
belinda_bourg,United States,14
BelkaDashechka,Azerbaijan,996
BelozerovNikit,Unknown,140
Bender_Mel,United States,77
BenjaminBalll,United States,96
BenjiAlyssa,United States,80
bennedict_kl,United States,46
Ben_Sar_Gent,United States,108
BereHayyTR,United States,480
Berezinlecurace,Unknown,229
Berezinlecurace,Japan,1
bergerjamie75,United States,40
berkhoff85,Germany,1664
berkhoff85,Unknown,1403
berkhoff85,,1
BerlinBote,Unknown,19744
BerlinBote,,4
berndhofer6001,Unknown,138
berndhofer6001,United States,111
berniedddd,France,26
BErrnicTrr,Unknown,182
BerthaDavidson_,United States,23
Bert_Henley,United States,105
BessieCooksYou,United States,16
betterthanyou_u,United States,33
BettieEvanz,United States,181
BeverlyBalsom,United States,175
bezumovalyuda,Azerbaijan,512
BGarner2107,United States,4545
BGarner2107,,8
BiaanclEEss,United States,152
bibahach,United States,40
BigBoyJasiah,United States,2660
BigBoySneed,United States,1434
BigSeanBeast,United States,4584
bilaal_Rais,Egypt,3
BillMcintoshh,Belarus,8
_Billy_Moyer_,United States,915
BishoLorine,United States,117
BizGod,United States,12156
BizykovaAnita,Unknown,547
black4unity,United States,71
black4unity,Unknown,2
black_elevation,Unknown,106
BlackerTheBerr5,United States,103
BlackerTheBerr5,Unknown,1
BlackEyeBlog,United States,1666
BlackGirls2017,United States,7
blackjackweiner,Germany,198
blackjackweiner,United States,14
blackmattersus,United States,2807
blackmattersus,Unknown,1330
blackmattersus,,5
BlackNewsOutlet,United States,2479
BlackNewsOutlet,,6
BLACKPANTHER_TX,United States,46
BLACKPANTHER_TX,Unknown,2
BlacktivistDave,United States,1
Blacktivists,United States,970
Blacktivists,,14
BlacktivistsUS,Unknown,117
BlackToLive,United States,6008
BlackToLive,,197
blackunitymarch,Unknown,3
BlackyCleveland,Unknown,74
blacneighbor,United States,1261
blacneighbor,,3
BladNavalny,United States,3
blakeriverai,United States,6
blameyourrself,United States,14
BLandershof,Unknown,232
BleepThePolice,United States,9313
BleepThePolice,,29
Blinovaexininta,Unknown,375
Blk_Voice,United States,89
BLMSoldier,United States,5703
bobbychandlerr,United States,64
bobsdyer,United States,55
Bocharnikov_V,Unknown,1280
boeing_is_back,Malaysia,4933
BogdanKravcov,Azerbaijan,1389
bogdanovao2,Unknown,126
bogdanovao2,,1
boinya_N5,Azerbaijan,13
boldyrevadiana,Azerbaijan,469
BolHuK,United States,44
BondTonyB0nd,United States,50
boniiistP,Unknown,8
bonnet_michele,France,27
Booth_Prince,United States,9551
borinets_2001,Russian Federation,443
boris_avramenko,Azerbaijan,290
borisborriss,Unknown,488
BorisEleseev,Unknown,1004
Boris_Kolov,Unknown,19
Boryabuchin,Azerbaijan,587
botalovavava,Unknown,444
botinokTrun,Unknown,185
botinokTrun,Japan,2
BrandiHagrove,United States,29
BrandNewJenna,Unknown,189
Bratuha_Borcuha,Unknown,1602
Bratuha_Borcuha,Japan,5
BremenBote,Unknown,109
Brent_Kendrick,United States,2
BrentMcclure275,United States,7297
brianaregland,United States,6610
brianna_denton_,United States,31
BrianTheLifter,United States,5917
BrianWarning,United States,584
BriceGeller,United States,1032
bricsofficial,Azerbaijan,355
brightandglory,United States,3115
brightandglory,,2
brightnoom,United States,557
briigevastr,Unknown,2499
BriistaTrrT,Unknown,430
brisstoflr,United States,2676
BrittanyLane_1,United States,22
briys_valera,Azerbaijan,93
briys_valera,Russian Federation,80
Br_Mc_Neil,United States,144
BronickiJewel,United States,80
brookedozzier,United States,54
broozleeTr,Unknown,6
broselifotr,United States,2590
brristasi,Unknown,2627
BrucieDublin,United States,2683
Bubnovatilaquiv,Unknown,256
BuhoiInsider,Unknown,1
bulbulyator1959,Unknown,52
BurdaConstantin,Russian Federation,62
burnBarri,United Arab Emirates,550
BushkinVlad,Unknown,29
byDrBre,Unknown,2294
byDrBre,Russian Federation,2
bydrbre_,Unknown,1025
bydrbre_,,239
bydrbre_,United States,176
Byers_way,United States,7
Bylganin_Mark,Unknown,27
caadeenrRS,Unknown,2125
Caarmbutl,Unknown,2732
caddeetrs,Unknown,2583
caezar_Grin,Belarus,19
CaitlinMillsYup,United States,69
CalebPaar,United States,3604
CalebRobbns,United States,51
CalifroniaRep,United States,132
CalininV,Unknown,23
calkindenis,Unknown,465
Calvin_Barn,United States,33
Calvin_Yek,United States,54
CamdenCityNews,United States,500
cameericlaar,Unknown,2637
cameliisRT,United States,2675
cameronJJJ11,United States,83
Cam_Evsss,United States,22
camileisdamnhot,United States,61
camillitixtops,United States,6
camosaseko,United States,3884
CandeyChaney,United States,1133
CandismBRR,United States,2672
CannonSher,United States,13021
cariisncisTR,Unknown,2711
carlltheriTR,Unknown,2615
Carlos_Hnes,United States,65
CarlosSamanos,United States,46
carmelmeller,United States,6
carRedTrT,United States,59
car_rems,United States,74
CarrieThornthon,United States,3425
CarrieThornthon,,1
CarsonYearly,United States,40
cascaseyp,United States,2985
cascaseyp,United Kingdom,418
cascaseyp,,4
casie_lang,United States,4
CassandrDR,Unknown,2667
CassieWeltch,United States,2248
CassieWeltch,,1
cassishere,United States,5684
CassondraTrude1,United States,25
CatelineWatkins,United States,1480
CatelineWatkins,,2
CatherineCalls,United States,146
CatKelley_,United States,36
cattsadstr,Unknown,1176
cdavisa20,United States,3
ceciiistaTS,Unknown,2676
CecilDukes,United States,27
Cecil_Hays,United States,86
celiissgons,Unknown,1294
cellestins,Unknown,2641
cellsstitr,Unknown,4089
CH1Esther,United States,49
chaasntr,Unknown,8347
ChadSloyer,United States,5263
chamomila7,Azerbaijan,980
ChaNeutral,United States,122
chantalrobilla,France,22
Charlene_Timmo,United States,49
CharlesDailey87,United States,12
CharlesJHarper,United States,2592
CharlesRespeck,United States,180
charmant_anis,United States,1012
charmeesTRS,Unknown,2657
charrisstr,Unknown,1110
chayka_chelsey,United States,7
ChebAminullah,Unknown,17
cheelsyJoTRs,Unknown,2684
Cheese_Monay,United States,95
chelssjohnT,Unknown,1173
CheongMai,United States,9
ChernenkoNikola,Unknown,1702
cherrycherylfin,United States,9
chertorizsky,Russian Federation,11
ChesPlaysChess,United States,19216
ChesterCityNews,United States,337
Cheyenne_Eng,United States,37
chholesssTr,Unknown,6
ChicagoBl,United States,387
ChicagoDailyNew,United States,22225
ChicagoDailyNew,,11
ChilOutAndLeave,Unknown,13
chirrismogui,United States,2678
chirrmorRE,Unknown,2671
chistisssT,Unknown,3
chistpost,Belarus,83
chocomayonnaise,Unknown,506
choco_smell2000,United Arab Emirates,1196
choco_smells,United States,1180
chrisafonaseva,Unknown,19
ChrisChrisChCh,United States,39
chrisheywai,Germany,78
Chris_Sharp_II,United States,7
chris_sis_sis,United States,41
Chris_Solo_rio,United States,74
ChristinaCrisss,United States,208
christinapool61,Germany,352
chrisuport_port,Germany,3368
ChrixChase,United States,2800
ChrixChase,,2
ChrixMorgan,United States,14680
ChrixMorgan,,25
ChrnikaLeronica,Azerbaijan,1016
CiaraLoveve,United States,41
ciduquvn,United States,8
CindyBobobob,United States,81
claarisRtr,Unknown,946
claire_court_,United States,16
claudia42kern,United States,2688
claudia42kern,,4
Claudixx59,Spain,2
clay_nels,United States,19
ClayPaigeBoo,United States,887
CLghan,United Arab Emirates,508
CliftonHughes_,United States,1305
ClydeDaws0n,United States,1453
cnkop777,United States,11
codyrandal1,United States,7
ColbyST1,United States,257
coldplaysjohny,United States,46
coldwar20_ru,United States,3266
coldwar20_ru,,45
coldwar20_ru,Russian Federation,27
coldwar20_ru,Unknown,5
colinsneverland,United States,543
coljason94,United States,8
Colleen_Frn,United States,26
Colly_Mick,United States,90
comeandgetitaaw,United States,98
ComradZampolit,Iraq,9030
ComradZampolit,,521
ComradZampolit,Unknown,23
ComradZampolit,Russian Federation,18
ComradZampolit,Japan,4
consuelabrunaz1,United States,32
cookiiieeessss,United States,1100
cookiiieeessss,Unknown,290
CooknCooks,United States,5026
CornellBurchet,United States,3945
CornellJuliean2,Unknown,6
CornerGloves,United States,9
CoryNaeNae,United States,844
CovfefeNationUS,United States,23544
crazycretaceous,United Arab Emirates,536
creeepysmooth,Unknown,35
Crystal1Johnson,United States,7985
Crystal1Johnson,,96
Crystal_Johns0n,United States,99
cthuno,United States,6
cuckman2000,Russian Federation,444
CuneoDolores,United States,31
CurtisBigMan,United States,5020
CurtisBigMan,,1
CusMax,United States,34
customernumba1,United Arab Emirates,53
c__wells,United States,1398
cyberKuzia,Unknown,510
cychevmark,United States,25
cychevmark,Japan,2
CynthiaMHunter,United States,3955
CyrusWorley,United States,70
Czar_The_One,Russian Federation,37
daddilazarus,United States,47
daerokiba,Unknown,527
DaileyJadon,United States,3626
DailyLosAngeles,United States,14150
DailyLosAngeles,,6
DailyNewsDenver,Unknown,3199
DailyNewsDenver,,2
DailySanDiego,United States,14414
DailySanFran,United States,28075
DailySanFran,,1
DailySanJose,United States,11784
DaliKwesha,United States,72
DaliKwesha,Unknown,5
dallas4cops,Unknown,2
DallasTopNews,United States,10092
DaltonWood14,United States,252
Dam0nSpencer,United States,59
DamaniMiles,United States,1681
Dana_Garner_Me,United States,61
DanaGeezus,United States,12811
DanaGeezus,,30
DanaIvanch,United Arab Emirates,459
DanaKatalimova,Azerbaijan,31
danbr00ks,United States,72
D_andre_Austin_,United States,46
Danie_LLe_H,United States,14
DanielleTawn,United States,18
daniilaleksand6,Unknown,31
danisstrs,Unknown,6222
Dan_J_Shaffer,Unknown,9
DanniilsT,Unknown,3
DannyMaslov,Russian Federation,775
DannyMaslov,Azerbaijan,2
dannythehappies,United States,2702
dannythehappies,,4
Danny_Turner_1,United States,685
Dan_Sel_lers,United States,12
Dante_Fish,United States,12
DanyBorisov,Russian Federation,462
dapnesstr,Unknown,2448
darcyystr,United States,2105
darcyystr,Unknown,11
DaridaDar,Unknown,489
darishalebedeva,Russian Federation,31
darknally,United States,2451
darktank1992,Azerbaijan,34
darleneking_,United States,79
darnellmathiss,United States,4
Darrell_H_Hunt,Unknown,10
d_a_s_h_aaa,Russian Federation,1152
dashaCAO,Unknown,539
dashing10th,Unknown,399
dashing10th,United States,21
dashustik3,Unknown,457
DatWiseNigga,United States,5599
DaUmoa,Unknown,136
DavBoyd_,United States,468
DaViDi_here,United Arab Emirates,1100
davsiche,United Arab Emirates,14
davsiche,Unknown,1
davydoff15,Unknown,304
davydoff15,United States,19
DavydovaZh,Belarus,545
DD_MerR,United States,116
DealWithWeirdos,United States,11
DeannaMoy,United Arab Emirates,402
DebbsFarrell,United States,123
debesstrs,Unknown,12186
Deborah_Norris_,United States,73
deborrth,Unknown,1464
deborrth,Japan,1
Debra_Stern_,United States,124
DeeLockman,United States,15
DegtyarDegtyar,Unknown,13
delfalarus,United Arab Emirates,483
Delinka2014,Unknown,501
Del_Mcquarrie,United States,34
DeloresP00le,United States,63
delvecchioj1,United States,5
demenkovaaaa,Unknown,541
demidovdmitrii,United States,676
den_dzen,Unknown,61
denisedennden,United States,6
Denis_Koleso,Unknown,42
denniushak,Unknown,561
Denn_Nikitin,Unknown,6970
Denn_Nikitin,Japan,15
den_shefran,United States,32
deon_liew,Unknown,1
DerekDerekCl,United States,33
DerekkGregory,United States,38
Der_rickA,United States,34
DesertQueenOh,United States,238
destroymepls,Unknown,59
DetroitDailyNew,United States,14114
DetroitDailyNew,,1
deusXYX,United States,2396
deusXYX,,2
DevineDevinBr,United States,1904
Devin_Yat,United States,45
Devyatkof,Unknown,35
Devyatkof,Russian Federation,1
diab0lo,United States,45
DIAMONDSL0VEME,United States,119
Diana_17_08,United States,946
DickyIrwin,United States,3258
DickyIrwin,,1
dieter_port,Unknown,161
Diezzz_,Unknown,8
digestlj,United States,231
Diman__Dima,United States,26
DimaRoscoe,Russian Federation,486
Di_MC_solov,Azerbaijan,29
Dimitri_Lebedev,Unknown,423
DinaDona69,United States,455
DingDonParker,United States,537
disneyTV_ru,United States,555
DJKatKatKatie,United States,104
djVIbelozerov,United States,45
DmitreVasiliev,Unknown,231
DmitriBelov12,Samoa,32
Dmitriev_IR,Russian Federation,2
Dmitr_Mironov,Unknown,253
Dmitro_Gondar,United Arab Emirates,33
DmitrovaLera,United States,593
dmitr_vic,United States,9
DneprGoodNews,Unknown,163
Dnt_shoot,United States,13
Dobre_deNN,United Arab Emirates,26
DobriyEgor,Unknown,3
DolgVlad,Unknown,38
dollarovmsk,United Arab Emirates,623
dolphinvenus,Unknown,473
DominicValent,United States,4394
DominicValent,,3
dominikkeller22,Unknown,267
dominikkeller22,United States,107
domm_clayton,United States,3
domnicev,United Arab Emirates,546
DonaldOuch,United States,57
DonatelloJack,United States,105
DonetskNovosti,Ukraine,3798
DonetskNovosti,,456
DonnaBRivera,United States,3299
Donnie_heRo_,United States,38
DonnieLMiller,United States,2413
DonniMusil,United States,88
dontshootcom,United States,807
dontshootcom,,1
doraratchet,United States,83
Dorocheviz,Unknown,6
DorothieBell,United States,3736
dorsor077,United Arab Emirates,509
DorthySharrer,United States,211
douggiemaestas,United States,50
doyrando,United States,196
DP_Trovsky,Iraq,9
dreameraloneme,Unknown,496
dreeeew1huds,United States,17
DresdenBote,United States,2151
DrGregoryWest,United States,194
DrMichaelGarcia,United States,4452
drobotovaZ,Unknown,576
DrobYosya,United States,201
DuboseBeLike,United States,1
DuesseldorfBote,Unknown,194
dumbtadumb,Unknown,488
DumovaElvira,United Arab Emirates,511
dunnowhowannabe,United States,43
DuraDurnova,Unknown,480
durtytulip,Unknown,537
DustinCoool,United States,53
dutisite,United States,1003
duuuuuuuuuk,Azerbaijan,498
DwightB0nd,United States,24
dyatloffpinatel,Unknown,439
dybaigwen,United States,207
DzhabirZahab,Israel,134
EAECtoday,United Arab Emirates,159
EAECtoday,Unknown,1
ealaddins,Unknown,1
EazoN_Trap,United States,107
ebeckCoble,Unknown,475
eblashevo,Azerbaijan,372
echoparadnoy,United States,1
EddieAlonz0,United States,223
edenisyy,Unknown,21
EdleyImogene,United States,3
EdmundC0oke,United States,719
EdmundRJr,United States,554
EdwardBRoberts,United States,931
ed_wa_rdd,United Arab Emirates,475
edyardserg,United States,34
EffyCavin,Russian Federation,440
Egermans,United States,20
EgorBaranovv,Unknown,913
EgorButen,United States,91
Egor_Glumov_,Belarus,124
egor_lololo,United States,524
egorovalekss,United Arab Emirates,539
egorov_dimc,United States,42
Egorovgranigine,Unknown,242
egorovsdesign,United States,480
Egorsaev,India,22
Egorusshka,United States,551
ehermann66,Unknown,300
EInsoll,Unknown,498
EissyT56T,Unknown,3456
ekaterina_frol,Unknown,17
Elbertboom,Belarus,2
ElenKolmogorova,United States,491
ElenSomova,Unknown,491
ELEVEN_GOP,United States,101
ElianLindsey,United States,2016
ElianLindsey,,1
EliasAkaParker,United States,7
EliasBrick,United States,3080
elinsstr,Unknown,4350
elisaagreg,United States,24
eliseeva_tan,United States,181
eliseeva_tan,Unknown,15
eliseeva_tan,,1
elithkury,Germany,151
Elizaveta_bolda,Iraq,453
elizeestr,United States,11251
ellastrs,Unknown,4027
EllaWonderGirl,United States,61
ElleonoraAgeeva,Unknown,492
EllisHarm0n,United States,153
ellissTrT,Unknown,4
Elma_Elmama,Unknown,210
elmerwaynee,United States,16
Elnoxel,United States,11
ElPasoTopNews,United States,4402
emelddtrs,Unknown,1128
EmileeWaren,United States,5083
emilllysTru,United States,152
EmilyLounge,Azerbaijan,970
emmaBahval,United States,498
Emma_Fssxx,United States,129
emmajackt,United States,1488
emma_kvn,Azerbaijan,1309
EmmettMth,United States,157
EmmyBambi,Germany,171
EmmyBambi,United States,5
EpishinaKate,Unknown,573
ErastovArthur,United Arab Emirates,434
erdollum,Germany,1392
erdollum,Unknown,1230
erdollum,,3
Erdollum666,Germany,751
Erdollum666,,1
Eremeev_Oleg_,Unknown,53
EreminKiryusha,Unknown,45
ericaandssn,United States,4
ericaandssn,Unknown,1
EricaRutter,Unknown,2774
ericbeberg,United States,70
erichummell,Unknown,40
erickwaltt,United States,5
erikadixonlove,United States,15
Ermashova90,Azerbaijan,968
ErnaShephard,United States,62
ernestineealvar,United States,26
ErofeenkoAnton,Unknown,1625
erohova_K,United States,512
ErovinKolorad,United States,326
ErRivvvvers,United States,6090
ErtmanGreta,United States,142
Ervin_Alford,United States,1
esayl_inin,Azerbaijan,101
EssieBailey_,United States,77
essyKrac,United Arab Emirates,12
esterbriang,United States,37
etomoyoimya,Russian Federation,40
ETOYAGRISHA,Unknown,447
Etta_Jhns,United States,40
EugeneLlll,Azerbaijan,500
EugnBalyasin,Iraq,17
EurynMccolley,United States,290
EvaGreen69,United States,2792
evannghartr,Unknown,5492
EvannMosss,United States,177
EvanNotMcgregor,United States,70
Evans_Tab,United States,158
evassltrT,Unknown,3
EvBowman,United States,183
evegreene88,United States,10
evelynshall,United States,68
everIIast,United Arab Emirates,718
EverydayHokku,Unknown,1
EveWebster373,United States,1112
Evgen_Bbb,United States,144
EvgeniiNikon,Unknown,323
evgenishenko,Unknown,23
evgeniyymirosh1,Unknown,28
EvgeniyyVorobev,Unknown,35
EvgenPaper,Russian Federation,282
EvtushenkoMixei,Unknown,30
ewyoplay,Unknown,444
ExQuote1964340318,United States,13667
ExQuote3272640600,United States,45985
FaceMeChase,United States,55
FairyMinky,United States,134
FakeVideo17,Unknown,2
FameOnYouBitch,United States,3312
FameOnYouBitch,,2
FannieBradley88,United States,85
FarisMahmoud22,Israel,93
fastlive_5,Unknown,416
Fedor_Belovodov,Unknown,428
FedorKriuchkov,Unknown,35
FedotovaRoza,Belarus,210
FedotovVas,Azerbaijan,39
FeellMore,Azerbaijan,16
FEYMiira,United States,965
feyylogayylo,Unknown,41
ffardd,United States,500
f_hankard,United States,1
FhilPril,Azerbaijan,20
FightClubLegion,United States,2
FightConstanta,United States,543
FightM_D_B,United States,945
FightToResist,United States,672
Filatovalechosl,Unknown,1194
FilinLeonid,Azerbaijan,23
FilippGrigor,United States,561
FindDiet3254273689,United States,29034
FindDietNone,United States,4
finley1589,United States,4658
FinnaGlo,United States,1527
Fiona__Ona,Unknown,1238
fischermaria933,Germany,361
fishalexanderr,Unknown,321
FisherrrCaleb,United States,48
FlagFlanagan,United States,11
FlissFlowers,United States,19
FloydSwenson555,United States,295
Fominaiminilge1,Unknown,362
ForceOfLiberty,United States,310
Forumstrategov,United States,169
forumstrategy,United States,4
FrancescaDiam,United States,34
FrancescaVand,United States,145
FrancLanderos,United States,10
FrankfurtBote,Unknown,3706
frannervia,Italy,1647
fredythecreator,United States,37
FreeDiscuss,United States,757
FreeJeromeSmith,United States,2
Freida_Hw,United States,54
fremonthenriI,France,20
friedadaisy,United States,30
FrolDaria,Unknown,481
FrolFrolDi,Azerbaijan,18
fukkkkherr,United States,49
funat1c,United States,62
FundDiet,United States,20192
Funky_KaY1,United States,43
fuuncake,Unknown,27
Gab1Aldana,United States,3619
Gab1Aldana,,3
Gab_Artea_G,United States,145
GabiJensen91,United States,172
Gabrielitaa7x,Spain,4
gabriellafaltz,Unknown,519
gagysokefuv,United States,203
G__Aharon,United States,21
galentinivakin,Russian Federation,11
galina_fr,United States,13
GallowayEliana,United States,1732
gallynaa,United Arab Emirates,166
garik999999,United States,513
Garret_Candice,United States,47
garrettheshadow,United States,14
GarrettSimpson_,United States,5008
Garr_V_,Unknown,31
GasolineBecker,Unknown,12
GattiSilgatti,Italy,2631
gavriilzaharov,Azerbaijan,18
gavrilova1love,Azerbaijan,493
gavrushamsk,United Arab Emirates,60
GayleHappyMom,United States,80
gecnot,United Arab Emirates,435
Gelenvag,Russian Federation,26
GenaBabkin,Unknown,577
Genadiy_Alex,Russian Federation,244
geomakss123,Unknown,502
geomakss123,United States,13
geomakss123,,1
GeoreviewEurope,United States,39
GeoRGe_BeNTLey_,United States,10
GeorgiiBavin,Azerbaijan,35
GeorgiiBavin,Russian Federation,3
georgiostr,United States,25
gepadikulaxe,United States,171
GeraVareev,Azerbaijan,33
GeraVareev,Russian Federation,9
GermanBorovko,United Arab Emirates,488
Gerty_Hawa,United States,261
geviwsektor,Russian Federation,12
gffgfsfgfsdffjj,Afghanistan,1040
gffgfsfgfsdffjj,Japan,2
GGazarjn,United States,11
gg_bates,Germany,38
Gibbs_Jeremy_,United States,648
ginnaginnaa,United States,11
Giovanna__Moret,Italy,341
GirshVasilisa,Unknown,481
GladAdila,United States,183
glava39,Unknown,24
GlebNikon,Unknown,1202
GlebushkaGleb,United States,15
Gleb_xleb_,Azerbaijan,95
GlennHarper_,United States,678
GlobalFoe,Unknown,311
GlobalFoe,United States,173
gloed_up,Unknown,2
glotovanna,Unknown,516
glotovgleb,United Arab Emirates,520
Gl_Workman,United States,115
GOAOLL,United Arab Emirates,40
GODh8sBIGOTS,United States,88
GODh8sBIGOTS,Russian Federation,1
GODh8sBIGOTS,Unknown,1
GollDor,United States,16
golodova_darian,United States,686
golosovalena,Russian Federation,499
GoodSPB_lj,Unknown,470
GoodSPB_lj,,40
GorbatovLive,United Arab Emirates,3
gorbenkovaa_,Unknown,488
gorelkinnn,Unknown,36
gorelkinnn,Azerbaijan,2
gorelov_artem,Unknown,31
GoTriciaG,United States,17
Gozhman,Azerbaijan,21
GraceLilStar,United States,335
Grach_Vasilii,Unknown,32
gracie_____55,United States,59
graf_veber,Azerbaijan,90
_GrandMarco,United States,14
Grays0nWilde,United States,110
grebennikova__,Unknown,467
GreenMeters,Unknown,3
greenmonika6,United States,4
greenmonika6,Unknown,1
gregfranklin030,United States,7
Greg_GreGG_,United States,13
_GregorVan,Russian Federation,21
_GregorVan,Azerbaijan,20
GreinTrina,United States,37
grickihh,Unknown,479
Griga_BAsh,Unknown,243
grigadwin,Russian Federation,20
grigorant,United States,598
GriIlyin,Saudi Arabia,7
Grishazubkov,Unknown,24
grishinkost,United States,486
Grishin_Slava,Unknown,44
GrishinVanno,Unknown,58
gromovagirll,United States,502
GubatovOfficial,United States,530
gudimovonline,United Arab Emirates,484
GuidiLillie,United States,99
GuillNavarrete,United States,4918
GUNS4LIFE_ME,United States,195
GUNS4LIFE_ME,Unknown,27
GurgenAleen,Unknown,2
Gusevaplanimnac,Unknown,358
Gusevglosinnunt,Unknown,251
Gusevglosinnunt,Japan,1
Guy_whomakeit,United States,77
GvardeykaLena,Unknown,1234
gvozdyamba,Unknown,28
GwendolynGoldne,United States,3
gwen_garland,United States,69
GwennyThot,United States,5332
habdarrahman4,Iraq,11
habdarrahman4,United States,2
hafupink,United States,6
haidarqusay,Israel,1
halialhashimi,Unknown,9
haliid_mas,Egypt,2
HamburgBote,Unknown,10811
HameedAlMur66,Israel,3
HamidMahhamsyr,Egypt,20
hamidmansoor123,Israel,11
hamza24mohamme1,Israel,13
handsome_henson,United States,984
HannaHalll,Unknown,9
Hannover_Bote,United States,1550
HannoverBote1,Unknown,3
happkendrahappy,United States,5481
HappyDaaayyy,Unknown,5
harereTrT,Unknown,6
HarkovLive,Unknown,142
HarryLevvis,United States,3
harrymagician_,United States,50
HarryTheFather,United States,122
HarveyRyan92,United States,161
hashtagmemom,United States,116
hattieb78,United States,144
haworymyhak,United States,128
haydelyysT,Unknown,7
helen1helen1,United States,171
HellieEdwards,United States,3789
HellieEdwards,,1
Henriquez_A2,United States,24
heNY_amberh3087459118,United States,210
heNY_amberh889661000000000000,United States,2
Herbert_Bacon,United States,44
hereandthere_,United States,1
herlifeislove,Unknown,721
HerNameIsCutie,United States,220
HerNameWasNancy,United States,46
heron_andrea,Unknown,1205
heyheyhailey,United States,2204
heyheyhailey,,2
heyitsglor,United States,401
heyits_toby,United States,3569
hickey_seth,United States,9
HiImJoeBryant,United States,41
HiImKhloe,United States,1705
himkovvlad,United States,527
hipppo_,United States,2690
hipppo_,,1
hislaaTrm,Unknown,6
histeriame,Unknown,497
hmzamahmudham,Unknown,11
HoldMeJerry,United States,541
hollandpatrickk,United States,3177
Hollydler,United States,5199
holycrapchrix,United States,2484
holycrapchrix,,1
holy_spirit_it,Unknown,201
honeybobooboo,United States,41
honeycerf,Unknown,526
HooperIda_,United States,26
HoroshaMashka,United Arab Emirates,37
horoshilovvv,Unknown,44
HorrorKi,Unknown,1881
HorrorKi,Japan,3
hothotcherry,Unknown,523
HoustonTopNews,United States,4664
HoustonTopNews,,4
howmarcella,United States,37
HulckHogann,Unknown,523
HumphreyAlessia,Unknown,15
hungrycelia,United States,6
HunterOddddom,United States,4602
huseinaljabber,United States,1
husseinassahafi,Unknown,4
HvostovaSvetik,Unknown,16
hyddrox,United States,17411
Iakovlevaagambr,Unknown,233
iamaritchbitch,Unknown,467
I_Am_a_Scatman,United States,39
I_Am_a_Scatman,Japan,3
iammonicababy,United States,46
IanaMontana,Unknown,890
IanCalh0un,United States,1014
ibetyouwill,United States,3
ibocasid,Unknown,15
ibrahimnooh132,Israel,10
ibrahimsalim222,Unknown,16
IbrahimYussif21,Israel,23
iceiceTii,United States,709
IdriisFahr,Egypt,2
IdrisMadzheed,Israel,175
ignat_irinka,Unknown,45
ignitedfirestar,United States,695
IgorBerejnev,United Arab Emirates,526
IgorKlementev,United Arab Emirates,477
igor_romahchuk,Azerbaijan,88
IIddaaMarks,United States,6170
ijohnkimble,Unknown,16
IlanPriceUSA,United States,3
IlikeBIGbuttand,United States,5201
IlikeBIGbuttand,,6
Iliyinsky,Unknown,338
iLLi_Alt,Azerbaijan,64
ILL_Van,Azerbaijan,14
ilonaGrishanina,United States,26
ilonaGrishanina,Russian Federation,11
iLoveSarahRich,United States,3665
IlSolovyov,Unknown,6
Ilya_CHaxta,United States,36
Ilyakaliugin,Unknown,13
ilyazeludev,Unknown,38
ImaPharrelFake,United States,2685
ImaSwerve,United States,5227
IMissObama,United States,4171
Im_Madeline_,United States,24
imogeentr,Unknown,1490
Ina_Malone,United States,84
IneedCosmo,United States,485
inforeactor,United States,9577
inforeactor,,85
InformSyrien,Germany,1703
InformSyrien,Unknown,583
IngaGeorg,Russian Federation,459
IngaGeorg,United Arab Emirates,33
inga_minsk,Belarus,585
IngaPrus,Azerbaijan,1004
ingerasimova,Russian Federation,30
ingrkoch_koch,Unknown,296
inguard82,Unknown,19
inna_vinocury,Unknown,83
_Innnnna_,Belarus,467
inspectAn,Azerbaijan,48
instasex_top,Unknown,1
instotus,United States,559
inst_vets,Unknown,215
interFischer,United States,2104
iphoneofapple,United Arab Emirates,512
Ira_Combomb,United States,3
irairairen,United States,528
irak0t0va,Unknown,440
IraLironova,Azerbaijan,997
IraNovicowa,Unknown,495
IreneMccants,United States,55
Irenne_Official,Azerbaijan,274
IrenSafronoff,Unknown,517
irina_bykov,Unknown,65
Irina_Genadievn,Unknown,496
Irina_Goooor,Unknown,618
irina__gromova,United States,541
IrIrmoska,Unknown,700
iris0_o,United States,653
IRNELLA1,United Arab Emirates,542
IronsMiranda,United States,9
irusikpusik78,Azerbaijan,509
isa_bella_gr,United States,194
isabel_staff,United States,219
isaevBro,"Iran, Islamic Republic of",13
ismailgafur1,United States,1
IsoktobeMark,United States,107
Israel_Wills,United States,1219
istominErnest,United States,35
ITBataev,Azerbaijan,7
itsderekmor,United States,10
itsfoma,United States,20
itsmonamuua,United States,96
its_Olesya,United Arab Emirates,1085
itsrealrobert,United States,100
ItsTimeToSecede,United States,939
ItsTimeToSecede,Mexico,41
ivaassntr,United States,1145
IvanImlin,United States,470
Ivan_ivchenk,Russian Federation,4
IvanNikiphorof,Unknown,43
IvanovaDan,United Arab Emirates,489
Ivanovaquisipin,Unknown,1359
Ivanovsimpvegau,Unknown,221
ivanskaya_lida,Unknown,5
ivcenkov,Unknown,556
Ivey_Mexx,United States,65
iwanowafaja,United States,1
iwomamybb,Unknown,68
Izmail_serg,Unknown,498
J0hnLarsen,United States,5946
jaamissTr,Unknown,5
JabrMahmood,Egypt,3
jackfairy1,United States,12
JackieCowboy,United States,17
JackKrassen,United States,96
JacksonCityPost,United States,6140
JacquelinIsBest,United States,5860
JadonHutchinson,United States,9045
JaedenMassey,United States,599
jailija,Unknown,31
Jaime_Booo,United States,79
JamalMunake,Unknown,6
JamHarris_,Canada,51
jamie_diver_,United States,11
Jamie_Mccarthy_,United States,780
JamieSamy,United States,126
JamiMahdi,United Arab Emirates,58
janelouismiller,United States,62
janelperkinson,United States,1253
Jani_s_Jac,United States,6448
JannaTrojanova,Russian Federation,519
janskeesTr,United States,1352
janskeesTr,Unknown,4
jarednotleto,United States,47
JaroslavAkimov,Unknown,28
JarrardNorman,United States,1808
JarrardNorman,,1
Jas_Bac,United States,14
jasonirina1,United States,7
Jasper_Fly,United States,3740
Jasper_Fly,,6
jassmoore11,Unknown,10
JassScott,United States,8238
JavonHIDP,United States,6610
JaworskiKatrina,United States,104
jayBrNd,United States,32
JaycobBri,United States,53
JaydaAstonishin,United States,4404
jaynellseltzer,Unknown,81
J_Cl_k,United States,95
JealynAvan,Unknown,3
JeanetteDBolden,United States,2584
JeanetteDBolden,,4
JeanneMccarthy0,United States,2600
JeaNuttella,United States,7395
Jeblary2016,United States,1215
Jeblary2016,Unknown,116
Jeblary2016,,1
JeffreyKahunas,United States,3375
JeffreyKahunas,,2
JeffreyRayMay,United States,44
JeffyDaniels,United States,51
jemalhussein231,Israel,16
jemalhussein231,Unknown,1
JemiSHaaaZzz,United States,1925
Jenn_Abrams,United States,22651
Jenn_Abrams,,210
jennajennkins,United States,68
JENNATRAVELLER,United States,302
jenningsl524,Unknown,3
JennyHutch31,United States,228
jeraldwoow,United States,4
Jeremiah_Jah,United States,63
Jermaine_Bossy,Germany,7
Jermaine_Bossy,United States,6
jeromyjerom,United States,25
JerStoner,United States,5518
Jery_RobertsYo,United States,2702
JesseHeath86,United States,72
JesseJym,United States,18
Jessie_Jessie_c,United States,6327
JessyBowWow,United States,477
Jihadist2ndWife,United States,976
Jihadist2ndWife,Unknown,5
Jihadist2ndWife,,1
JihadOnIgnrnc,United States,15
JimThurmann,United States,76
jimWazzup,United States,17
JimyLevy,United States,4
jjeanmoreau,France,26
JJ_WALSHJ,United States,102
JMcd0well,United States,129
JmsCoxxx,United States,4065
JoachimBuchwitz,Germany,272
JoannHarrel,Unknown,9
JoeDolton,Unknown,13
johaajots,United States,1111
JohannbergBerg,Unknown,570
johan_nigel,United States,9
johjohho,Germany,115
JohnBenBenton,United States,12
JohnBranchh,United States,1044
JohnCopper16,United States,579
JohnCopper16,Unknown,242
JohnieBoyCooks,United States,1483
JohnieVOGUE,United States,1054
johnmorgg,United States,18
JohnnyBlack91,United States,61
JohnnyMarch_,United States,1064
JohnnyMarch_,Canada,272
Johns_Gavin_,United States,52
JonaCollette,United States,12
JonathanDotNET,United States,18
Jon_Underwood_,United States,484
Jorda_Morgan,Azerbaijan,860
JordanSheltonW,United States,105
jordin_ramzi,Unknown,30
JosefaSpang,United States,25
Joseph_Jenks,United States,384
joshcarsson,United States,6
JoshuaSpence88,United States,4
Joshua_Wolfy,United States,18
jotefokis,United States,696
JournalistKaluz,Azerbaijan,19
Joyce_Jackson18,United States,83
jrrbrtt,United States,324
JshMrtnez,United States,144
JsnCarey,United States,1074
JuanthomssTrumT,Unknown,1346
JudeLambertUSA,United States,2770
JuliannaParf,Unknown,704
Julianna_Yes,United States,66
juliasexybeck,United States,16
JulieIgnatieva,Unknown,83
july_reutova,Unknown,513
junitaxx4535,Spain,5
jusmasxTrt,Unknown,1741
jusslilstoner,United States,9
jusslilstoner,Unknown,3
justbe_mine,United States,156
Justice4Alton,Unknown,7
Justice4Alton,United States,1
Justice4Jamar_,United States,2
Justice_4_Jamar,United States,26
Justice4Tamir_,Unknown,18
Justice4Tamir_,United States,3
justin_mc_call,United States,98
JuvylynJoslyn,Unknown,7
jwoods_man,United States,40
JyotirdharReddy,United States,50
k2danger,Unknown,14
kabbalalover,Russian Federation,36
KadeHumber,Azerbaijan,532
KadenMccray,United States,1
KadirovRussia,United States,2658
KadirovRussia,United Kingdom,980
KadirovRussia,,468
kahaleetr,United States,1128
KaidalovaMari,Azerbaijan,883
KalinikovVit,Azerbaijan,24
kalininskvladim,United Arab Emirates,13
Kaliyah_Rrs,United States,20
KalvinNutzzz,Unknown,63
Kamalovatempsen,Unknown,253
kamilaburova,Unknown,474
KaniJJackson,United States,2513
KaniJJackson,Unknown,34
KansasDailyNews,United States,28887
KansasDailyNews,,3
Kapfen,United States,14
KarenParker93,United States,4571
Kari_Dodson,United States,19
KarlGoldearl,United States,28
Karl_Summers,United States,58
karmaisabitchh1,United States,123
KarolineAuge,France,21
Karp_Maks,Azerbaijan,30
Karucz,United Arab Emirates,12
KARUCZ_00,Unknown,28
katedebrook,United States,161
KateRitterrrr,United States,5961
KatherineSKS,Germany,73
KatherineSKS,United States,3
KatherineSKS,Unknown,1
KathieMrr,United States,3793
KathieMrr,Unknown,970
KathieMrr,,2
kathyditmar,United States,39
KatKa_hero,Azerbaijan,331
Katty__Silva,United States,247
KattyyGeorge,United States,89
Katya_Born,Unknown,405
katyaKunst,Unknown,468
katya_novitz,Unknown,498
katya_pavl0va,Unknown,550
KatyHansen19,United States,9
KatyKrier,United States,470
KaydenMelton,United States,1485
KayrovaKayrova,United States,9
Kayy_Curtis,United States,24
kayylyssT,Unknown,11
kelbatt,United States,40
Kelvin_Chambers,United States,2555
kelvinkelkelvin,United States,2
kelvsok,United States,101
KenCannone,United States,2175
KenCannone,United Kingdom,383
KenCannone,,1
KendraGrrr,United States,149
KennetGreg,United States,10
Kenn_Villa,United States,73
kennygratham,United States,40
KenzDonovan,United States,4322
KerionAlisson,Unknown,3
KeshaBorispol,Unknown,44
KevinKevScott,United States,88
KevinNotBrooks,United States,76
k_gaydukova,United Arab Emirates,537
khaledbakri7,Unknown,1
KielBote,United States,175
KievNovini,Unknown,199
killmeplsagain,Unknown,508
KimberleighLamb,United States,123
_king_jester_,Azerbaijan,15
_king_jester_,Russian Federation,4
Kint_D,Russian Federation,11
Kint_D,United States,9
Kira_Gasanova,United States,62
KIraMiilee,Unknown,498
Kira_mir10,Unknown,87
kiraverkin,Azerbaijan,65
KirBucha,Azerbaijan,1044
kirbythefamous,United States,83
kir_gromov,Unknown,273
KirillAndy,United States,7
KirillDechterev,Unknown,38
Kirill_Gromov1,United States,4
Kirillovafecnan,Unknown,225
KirkseySusanna,United States,961
KirllVil,Unknown,15
KirMux,Russian Federation,53
kirpichikovna,Unknown,502
kirranew,United States,483
KirstenLaDaniel,United States,335
KirstieMNr,United States,72
Kiskatalquantic,Unknown,242
kisskissdeb,United States,83
KitCatKaterina,Unknown,510
KitsonBrenda,United States,7
KitsonBrenda,Germany,2
klara_sauber,Unknown,847
KlaraUkralaKolu,United Arab Emirates,492
KlausFinker,Unknown,111
KlausFinker,Germany,84
klim_petrov_,Unknown,235
KL_Spen,United States,43
KolnBote,Germany,3584
KolnBote,,1
KolnBote,Unknown,1
Kolosovaconhule,Unknown,972
Kolradskiy_Zhuk,United States,95
Kolradskiy_Zhuk,Ukraine,10
Kolya177,United States,21
KolyaBurkov,Unknown,444
kolya_ilin102,Azerbaijan,91
komarova6969,Unknown,34
Komarovaguipoln,Unknown,347
komicstrofa,United Arab Emirates,515
KosDemo,Unknown,18
Kostya_Anch,United States,500
KostyaErmilin,Russian Federation,383
Kostya_Evs,Unknown,47
Kotovamarys,Azerbaijan,1193
kotzzzlovred,Unknown,1
kovalev_romk,United Arab Emirates,37
kozlenko_slavk,Azerbaijan,85
kpesmina,United Arab Emirates,554
Krapivec,Unknown,27
KrasilnikovBor,Azerbaijan,533
krasnovandco,Unknown,469
kravcev_den,Azerbaijan,62
kravchukdmitro,Unknown,32
KravchukRussia,Unknown,227
Krilov7959,Unknown,427
krislisovskaya,United Arab Emirates,14
kristeen_brown,United States,20
kristhug5,Unknown,31
kristina_ales,Unknown,366
KristinaDrucker,Unknown,47
Kristin_Marsh_,United States,39
KristyanaNN,United States,1139
krivelev_law,Unknown,123
krivelev_law,Japan,1
KrustyPs,Unknown,1513
KrustyPs,Japan,3
KrutkoT,United States,16
Krymeachanin,Azerbaijan,15
KstVenetskiy,Belarus,10
KsyIvakino,United States,483
KsySheremet,Unknown,510
kugin_1991,Unknown,20
Kujman91,United States,69
Kujman91,,1
kurdrysh,Unknown,677
KurzinVadimchic,United States,43
Kuznetsov_Boris,Unknown,67
KyleBurrit0,United States,58
KyleS0ccer,United States,55
KylieMusician,United States,60
kyrill_moto,Russian Federation,271
kzuniga26,United States,1
Lachlan_Farley,United States,142
LaChristie,United States,1226
LadaDelReey,Unknown,518
ladavish,Unknown,102
Lady_dianaaaaa,Unknown,68
ladysaschaK,Germany,228
lagonehoe,United States,3637
LakeishaHicks5,Unknown,360
lalamickyy,Unknown,556
LamarMutant,United States,1
lana_arina,Unknown,5
Lance_freed,Belarus,79
LanskoyTimofey,Unknown,34
LapinOlegg,Azerbaijan,1035
Lara88Lara88,Germany,212
LaraHarrrrison,United States,194
lara_kich,Azerbaijan,63
LaraPalmer23,United States,43
LareelizT,Unknown,3
larinvika,United Arab Emirates,507
Larionovabobspi,Unknown,249
larisapyleva,Unknown,516
LarsWolflars,Unknown,262
larvin_aiyanna,United Arab Emirates,147
LatteCheek,Unknown,516
LauraBaeley,United States,3540
Laura_inson,United States,13
laurel_lorens,United States,9
LaurenBurtons,United States,6
lavrovkir,United Arab Emirates,559
LavrovMuesli,Unknown,5140
LavrovMuesli,,348
LawrenceDddd,United States,32
lawwaanCtr,Unknown,6973
lazer_Nikit,Unknown,156
LazyKStafford,United States,2871
LazyKStafford,,1
ldm1900,United States,18
Leach_4U,United States,25
LeBLaNcPeTeR_,United States,22
LeeNilslee,Unknown,645
LeeraTitova,Russian Federation,513
LehaSerg,United States,17
leimillers,Unknown,6
leipzig_bote,United States,224
LelandGraves_,United States,927
Lena1Sturm,Germany,96
LenaAkhmetova,Unknown,478
lenaBbubble,Unknown,471
lena_berryman,Unknown,549
LenaKrasnaya,Azerbaijan,1105
LenalovesSPb,Unknown,563
LenaLyo,Azerbaijan,99
LenaShumeico,Unknown,151
lena_stuff,Russian Federation,497
leniaivanov,United Arab Emirates,352
LenkaSpb,Russian Federation,21
lenochkamarkova,United States,563
lenukberuk,Unknown,507
leonid_1102,Unknown,87
LeonidBrovkin,United Arab Emirates,501
Leonid_Zak,Azerbaijan,5
LeontevSerega,United States,26
leracruze,United States,504
lerochka_ala,United States,93
LeronVoinik,Azerbaijan,514
LeroyLovesUSA,United States,4785
LeSaveleva,Azerbaijan,1055
Leslie_Faulk,United States,9
LessMcph,United States,46
Leva_Danilov,Unknown,3
lexxx_th,United States,196
LgbtRally,United States,15
LGBTuni,Unknown,415
lgbtunitedcom,Unknown,689
lianawister,Azerbaijan,506
LiangBertie,United States,116
LidaZiN,Azerbaijan,527
LidmilaMA,United Arab Emirates,521
lilaastrs,Unknown,3575
Lila_Gorila,Azerbaijan,1613
Lila_Gorila,Japan,3
Lil_game_Vip,Unknown,1215
LililaFin,United Arab Emirates,510
LILJordamn,United States,4320
LillyBoggs,United States,87
Lily_Lew1,United States,8
LilyLilyhasse,United States,107
lilyyTYY,Unknown,6
Lin1direction,United States,4
_linaAlina_,Unknown,529
linda_lopaeva,United States,485
lindaschwarz121,Unknown,215
LindddaaaD,United States,167
LionovaA,United States,7
LirastertTrump,Unknown,1372
LisaGrape,United States,685
lisa_voz,Unknown,542
LisichkinJenya,Azerbaijan,10
littlebettyy,United States,7
LittleEbola,Azerbaijan,541
LizaHasJust,United States,72
Liz_zaL_,United States,35
lizzbetTrr,Unknown,6
Ll0ydTheKing,United States,9
llaganPo,United Arab Emirates,36
Lmarinays,United States,1697
Lmarinays,Japan,2
LNever_mindL,United States,145
lobanov_dmitri,United States,438
Lobstrik,Russian Federation,17
loganloganss,United States,21
Logan_WhatsUp,United States,889
Lola_Ayers_,United States,187
LolaPyke,United States,99
LooKAtMeZero,United States,168
LoraGreeen,United States,5443
LoraGreeen,Azerbaijan,914
LoraGreeen,,6
LoreenPaolera,United States,107
lorenaishot,United States,35
LorettaPJ3,United States,197
Lorry_Cou,United States,77
los_losos_,Unknown,90
LossdayTr,Unknown,5
LossFulp,United Arab Emirates,5
Lou_Galloway,United States,84
lovelybee_me,United States,84
lovepizzzzzzza,Unknown,532
lsonSanner,Unknown,692
LubomiroB,Unknown,30
LucasStarBrand,United States,125
LuceelysToP,Unknown,121
luceelyzt56,Spain,2
Lucky_Lem0n,United States,43
Lucytrumpttop56,Unknown,1517
LuganskNovosti,United States,2968
LuganskNovosti,,400
LughHalley,United States,1917
LuisasaGross,United States,27
LuisStockberg,Germany,290
_Lukas_Briggs_,United States,42
lukas_rosler,Germany,2627
Luke_rubia,United States,60
LuscbelysT,Unknown,3
lusovat,United States,27
LuzMarTrumppT,Unknown,1362
LvivYes,United States,165
LyndaWKing,United States,2980
LyndaWKing,,5
LynsRodriguez,United States,1057
LynsRodriguez,,2
LysikVinkova,Unknown,508
Mable_Landry,United States,67
MacneillToni,United States,146
Mad_Benjami,United States,32
MadiadaTrT,Unknown,6
MadlenCrazy,Azerbaijan,1048
madlen_jeenes,Russian Federation,32
MagdeburgBote,United States,110
magiCatSaly,Azerbaijan,277
MagicMagicWand,United States,46
MahaffeySusann,United States,41
Mah_elNaf,Egypt,1
MahmoudAssibayi,Egypt,111
mahmudramimah1,Unknown,20
main_igor,Russian Federation,459
MainzBote,United States,151
maisurganim,United States,1
majority405,Unknown,37
MakarGuitar,Azerbaijan,733
MakarGuitar,Japan,2
makarovsen,United Arab Emirates,4
MakaylaButler13,Unknown,3
makehass,United States,288
MaksBlaginin,Azerbaijan,615
Maks_Dunay,Unknown,37
maksimkovalev15,Russian Federation,29
Maks_Osipov_,Unknown,44
maks___trava,Azerbaijan,94
malikalmurad12,Unknown,10
Malka_Esss,United States,33
MallBowen,United States,134
MalloryJared,United States,2361
malnoches,United Arab Emirates,543
malte_oswalt,Germany,225
malte_ross,Unknown,364
Mama_Russland,"Iran, Islamic Republic of",528
mandarinkaEfim,United States,410
Manddsysgoss,Unknown,4
Mandy9Stevens,United States,776
manuelkrosss,Unknown,293
Manzal_,Russian Federation,1480
Manzal_,,166
Manzolevsky,Unknown,14
MaorBrightie,United States,158
MaratGafvv,Iraq,14
MaratKalyashin,Unknown,32
March_for_Trump,United States,331
MargarethKurz,Unknown,1293
margaretmoar,United States,120
MargaritaShiraz,United States,16
Margie__G,United States,55
margoberoeva,United Arab Emirates,1174
MargoSavazh,United States,5395
MargoSavazh,,419
MargoSavazh,Unknown,167
MargoSavazh,Japan,1
margoveller,Unknown,12
mariaberstein,Germany,74
MariahRooose,United States,51
MariaKokoshkina,Unknown,11
mariaLopTrump,Unknown,1398
MariaLuigi5,Italy,370
MariaNeuberg1,Unknown,629
mariaofsteel,United States,8
MariaTRUMPt,Unknown,295
mariecarlllos,United States,8
MarijaKashirina,Unknown,58
marijakrylova,Unknown,16
MarijaLabusheva,Russian Federation,45
mari_marirus,United States,508
MarinaReman,Unknown,501
Mario_Co_way,United States,29
marirlTr,Unknown,6
MarishaSergeeva,Unknown,508
marisha_zu,Russian Federation,19
MarissaImStrong,United States,3315
marissprt,Unknown,3956
_Mark__B,United Arab Emirates,58
markberer,Unknown,709
Markinconssupta,Unknown,218
MarkinGrig,Unknown,41
MarkMcGregory,United States,601
markosvines,United States,13
MarkusEichel,Unknown,220
Marla_Xtian,United States,9
marlenizzTrT,Unknown,3
Marley_Shn,United States,124
marmarsch1,Unknown,241
MarrinaBerezka,United States,1007
marrissatrr,Unknown,4902
Marrr_Raven,Belarus,445
martinaFff,United States,60
Martines_tweets,United States,117
MartinIvine,United States,1008
martin_s32,Unknown,423
Martynov_Nik,United States,7
MaryCarry92,United States,7
Mary_Giber,United States,775
MaryGolyberva,United States,7
MaryGolyberva,Unknown,1
marykisileva,Unknown,513
mary_mary_artem,Azerbaijan,587
MaryMozhaiskaya,Russian Federation,10
Maschberg,Germany,88
MashaAstahova,Unknown,96
MashaDurova,Unknown,501
mashaemyasheva,Azerbaijan,520
MashaKrasno,Unknown,452
mashki_mashki,United States,488
mashulya_1994,Unknown,478
MatEvidence,United States,997
MatEvidence,United Kingdom,551
MatEvidence,Unknown,446
MatEvidenceArab,Egypt,41
MatEvidenceArab,Unknown,17
MatEvidenceDEU,Germany,235
MatEvidenceDEU,United States,86
MatEvidenceRU,United States,194
MatEvidenceRU,Unknown,100
MatiSquarePants,United States,46
matthew1stacey,United States,19
Mavlanov_Kostya,Unknown,40
MaxDementiev,Unknown,4771
MaxDementiev,,176
MaxDementiev,Russian Federation,22
maxfritzz,Unknown,542
MaxGubanov,Unknown,17
Maxim_arhip,United Arab Emirates,30
maximgaron1,France,692
maximgaron1,United States,154
maximgaron1,Unknown,44
MaxSundukov,Unknown,30
MaxyAsta,United States,38
mayers_stefany,United States,5
mayers_stefany,Unknown,3
mayluusstr,Unknown,5302
maymaymyy,United States,5236
Mays_Arielle,Unknown,8
mbrownhere,Unknown,119
mdegorov,Unknown,46
Mechtateli_,Unknown,1
med_Harley,Azerbaijan,10735
med_Harley,Japan,6
medvediha777,Iraq,597
MeggieMckenzie,United States,104
MeggieONeil1625965398,United States,1512
MeggieONeil1625965398,,2
MeggieONeil97335028,United States,232
melanymelanin,United States,4516
MelissaYesIam,United States,26
MellyBarton,United States,115
MelvinSRoberts,United States,4641
MelvinSRoberts,,1
memarinago,United States,971
Memizis,Iraq,2
MeMyselfHailey,United States,105
MeOfTheWorld,United States,80
MeredithWohl,United States,29
merMacie,Unknown,83
MetroJoke,Unknown,1
MetsTheBest,Belarus,32
MhSergeev,United States,569
miaonsea,United States,18
MichAtlas,Unknown,521
MichelleArry,United States,3515
MichelleArry,,2
MicParrish,United States,689
Mic_Reeze,United States,61
MidEastView,Afghanistan,2279
MidEastView,United States,21
MidEastView,,6
MidEastView,United Arab Emirates,2
mignatiev1,United States,263
MihaDub,Azerbaijan,17
MihailBugrov,United States,517
mihailkuznetzo1,Unknown,28
mihanovikov,Russian Federation,1470
Miha_Plet,Unknown,22
MihaStoporenco,Unknown,61
MihGorbunov,Unknown,22
mihhblack,Germany,64
mikapavilainen,Unknown,3
MikkyRurk,Azerbaijan,1661
MikkyRurk,Japan,1
Mil0Blake,United States,2526
Mil0Blake,,1
MilaGenina,Unknown,515
MilagrosVeve,United States,39
MilanaDur,Unknown,502
mila_nord,United States,528
MilenaKross,United States,6
milena_NIHAO,United Arab Emirates,1048
MilenaRuineva,Unknown,502
MiliMillennium,Azerbaijan,2206
MiliMillennium,Japan,3
MilMilMila_,Azerbaijan,484
milorudenko,Unknown,7
MiloshaMilo,Azerbaijan,241
MilwaukeeVoice,United States,9358
MiniakinAndrew,Unknown,40
MinneapolisON,United States,412
mirpolitica,Russian Federation,3453
mirpolitica,,4
Misha_Byianov,United Arab Emirates,6
MishaGerbenev,United States,571
Misha_Lopik,Unknown,66
Misha_Prokf,Unknown,39
mishka_bagirov,Unknown,474
missLililover,Unknown,435
MissNadille,United States,545
MissouriNewsUS,United States,1379
MisterBridges_,United States,2
Mitch_llLynch,United States,69
mmmaaaashu,United States,98
mmmaaaashu,Japan,1
mmmdarya,United States,1319
mmmdarya,,2
Mmorenok,United States,89
Moda_Barina,Unknown,3638
Moda_Barina,Japan,5
MogilevSeichas,Unknown,155
Moi_Brest,Unknown,1222
mojoyoman,Belarus,17
Mom_0f_Twins,United States,141
_mommymila_,Unknown,498
MoneyForm,United States,3397
Moniquex787,Spain,3
MonMonica23,United States,119
Morozovaliglibd,Unknown,234
Morrgassstr,Unknown,4
MoscowEconomy,United States,170
MoscowEconomy,Russian Federation,8
mosoblstalker,United States,34
MotherlandR,United Arab Emirates,86
Motreha,United States,10
mr_clampin,United States,3835
mr_clampin,,1
mrclydepratt,United States,9726
mrjacksjackson,United States,632
MrMoraan,United States,5558
mrMustachee1278970627,United States,7
mrMustachee3052569690,United States,102
MrServelat,Unknown,626
MrServelat,Japan,1
mrt_evrt,United States,379
msbrendareeves,Germany,36
msbrendareeves,United States,10
MsHeathOwens,United States,1123
MsM0re,Unknown,1562
MsM0re,Japan,2
mtthsberger,Germany,1060
MuenchenBote,Unknown,5218
muhammadhuss69,Unknown,9
MuhammadMusa23,Israel,1103
MuhammadMusa23,Iraq,209
muhammadsadiqi4,Unknown,10
muhmuhsal1,Israel,15
MuhRashMuh,Israel,23
Muhsadig,Israel,193
muhsansins,Unknown,1043
mupu26,United States,3
muravickiyy,Unknown,47
MusaabJuvylyn,Unknown,8
musallimmahmud1,Israel,8
musallimmahmud1,Unknown,3
musamuhmuh,Israel,196
MUSLIMS_IN_USA,United States,781
muzaamura,United States,4
mwiqcen,Unknown,1519
mwiqcen,Japan,2
MWoodsLW,Germany,134
mx_jt,United Arab Emirates,503
mygaprince,Unknown,675
myquicksilver,Unknown,106
myquicksilver,Japan,1
MyroMyra,Germany,103
myrrv13,United States,521
mysoulaches,Unknown,465
mysunnysun,Unknown,461
n1tegrl,Unknown,541
nadenkaavdeeva,Unknown,9
nagib_saleh,Egypt,15
NanaJDawson,United States,222
nana_lama,Azerbaijan,1081
nana_lama,Japan,1
nasimmalik993,United States,135
nastanufrieva,Unknown,5
nasty_grach,Unknown,543
nataliakudrova,Unknown,502
Natalia_LegalAd,Unknown,524
natali_beast,Iraq,127
NataliPetrick,Unknown,514
NatalyVasuhnova,Unknown,502
natashapavlovaa,United States,512
nataturn,United States,181
Nath_Alma_z,United States,44
NathalyApodaca,United States,46
nathareid,United States,26
NatPolNews,United States,81
nattaTrT,Unknown,6
NazzzGulyakov,Belarus,15
ncentsStal,Iraq,15
Ndr_Bolozyb,Unknown,49
NegroKeedy,Unknown,3
NehemiahX,United States,984
Neme_si,Unknown,507
NemovVova,Unknown,41
nenadobanit,Unknown,499
Never2MuchBass,United States,35
NeverLieT0Me,United States,193
nevichenko,Unknown,1
NevnovPR,United Arab Emirates,1974
nevnov_ru,United States,8433
nevnov_ru,United Arab Emirates,1922
nevnov_ru,,30
nevnovru,Unknown,81
new_ageofmee,Unknown,122
NewarkVoice,United States,9724
new_inf0rm,United States,4101
new_inf0rm,,1
NewOrleansON,United States,14894
NewOrleansON,,3
News24en,United States,35
NewspeakDaily,United States,10666
NewsPyongyang,United States,372
newYahshuah,Unknown,3
NewYorkDem,United States,221
NeznKate,Unknown,545
niccolobrilla,United States,145
_NickLuna_,United States,4253
_Nickulya,Unknown,505
nickzlobin,Unknown,47
NightGetsLonger,United States,6
nikaafanchik,Unknown,512
NikaFast,United States,18
nik__angela,United States,1300
NIKANNika,Unknown,18
NIKANNika,Russian Federation,10
nikita_baglaev,Unknown,201
nikita_zal,Unknown,127
Nikitinhydtihin,Unknown,270
NikKiriushin,Unknown,14
nikolaevni,Unknown,2
Nikola_holahola,Russian Federation,28
NikolaiZagaid,Unknown,509
NikolaKalinov,Unknown,3
Nikolay_lev,United States,12
NikolayVakhrush,Unknown,39
nikschehov,Russian Federation,225
nik_vasiliy,Unknown,50
nini__2014,United Arab Emirates,46
nini_711,Unknown,177
NinokStrange,Unknown,541
NinonDerrien,France,21
nisanurceran20,Unknown,52
nj_blacknews,United States,884
NKeerpen,United States,8
NKeerpen,Unknown,2
nkira1,United States,12
nnTummin,Unknown,534
NoakSalvan,United States,54
NoJonathonNo,United States,3614
nolnaoou,United Arab Emirates,476
Nomo_Tunes,Unknown,5
nonnaisaeva,Unknown,520
Nonnn_Stop,Unknown,41
Noorad_Din,Israel,161
NorberdtWeger,Unknown,141
NorberdtWeger,United States,100
NoreeGoldman,Unknown,6
norman_hooper,United States,129
NotBallinYet,United States,1045
nothing8special,United States,23
NotMyHeritage,Unknown,9
Not_MyHeritage,Unknown,9
Not_MyHeritage,United States,7
NotRitaHart,United States,4500
NotRitaHart,,2
notyourlilly,United States,3
NovostiArkh,United States,332
NovostiArkh,,36
NovostiArkh,Unknown,5
NovostiAstrhn,Unknown,381
NovostiBarnaul,Unknown,1654
NovostiCheb,Unknown,198
NovostiChel,Azerbaijan,512
NovostiChel,Russian Federation,498
NovostiChel,,56
NovostiCrimea,Russian Federation,1983
NovostiCrimea,,211
NovostiCrimea,Unknown,23
NovostiDamask,Unknown,8214
NovostiDamask,,572
NovostiDamask,United States,563
NovostiDamask,Russian Federation,322
NovostiDC,United States,115
NovostiDyumin,United States,21
NovostiEkb,Belarus,958
NovostiEkb,Russian Federation,656
NovostiEkb,,115
NovostiHbrvsk,Unknown,1186
NovostiIrkutsk,Unknown,1001
NovostiIrkutsk,,1
NovostiIzhevsk,Unknown,838
NovostiKadyrov,United States,46
NovostiKemerovo,Unknown,1199
NovostiKirov,Unknown,1023
NovostiKlngrd,Unknown,1333
NovostiKrsndr,Unknown,1510
NovostiKrsndr,,1
NovostiKrsnrsk,Unknown,768
NovostiKrsnrsk,Russian Federation,318
NovostiKrsnrsk,,47
NovostiKstrm,Unknown,771
NovostiKzn,Azerbaijan,2939
NovostiKzn,,41
NovostiLavrov,United States,1020
NovostiLipeck,Unknown,539
NovostiMhchkl,United States,754
NovostiMinska,United States,85
NovostiMsk,Unknown,3546
NovostiMsk,,420
NovostiNabChel,Unknown,487
NovostiNN,Azerbaijan,954
NovostiNN,Russian Federation,677
NovostiNN,,96
NovostiNovgorod,United States,19
NovostiNsk,Unknown,1315
NovostiNsk,,118
NovostiNvkznck,Unknown,259
NovostiOmska,Azerbaijan,673
NovostiOmska,Russian Federation,619
NovostiOmska,,86
NovostiOrnbrg,Unknown,2108
NovostiPenza,Unknown,1169
NovostiPermi,Russian Federation,775
NovostiPermi,Unknown,408
NovostiPermi,,37
NovostiPutin,United States,293
NovostiRnD,Russian Federation,1221
NovostiRnD,Azerbaijan,834
NovostiRnD,,63
Novosti_Ryazan,Unknown,881
NovostiSaratov,Unknown,829
NovostiSaratov,,3
NovostiShoigu,United States,303
NovostiShoigu,,1
NovostiSktvkr,United States,36
NovostiSmr,Unknown,889
NovostiSmr,Russian Federation,488
NovostiSmr,Azerbaijan,142
NovostiSmr,,56
novosti_sochi,Unknown,4668
NovostiSPb,Russian Federation,2313
NovostiSPb,United States,2028
NovostiSPb,,563
NovostiStavrop,Russian Federation,850
NovostiStavrop,,1
NovostiToliatti,Unknown,1116
NovostiTomsk,Unknown,1072
NovostiTumeni,Unknown,5265
NovostiUf,Azerbaijan,575
NovostiUf,Russian Federation,313
NovostiUf,,57
NovostiUl,Unknown,1127
NovostiVldvstk,Unknown,1000
NovostiVldvstk,,8
NovostiVolga,Unknown,600
NovostiVolga,,78
NovostiVolodin,United States,150
NovostiVrnezh,Unknown,793
NovostiVrnezh,,58
NovostiYa,Unknown,448
NovostiYarsl,Unknown,215
N_Silin1,United States,58
nucolewp2000,United Arab Emirates,45
nyan_meow_meow,United Arab Emirates,3904
nyusiarussia,United States,421
OaklandOnline,United States,8435
ocimnocxi,Unknown,103
ODanny_TheBoy,United States,31
OdessaNews24,Unknown,102
OdinecSasha,Azerbaijan,21
odinostanus,Unknown,6
oeterPri,Russian Federation,6
OGDeandre,United States,5171
OH_Frida,Unknown,1201
OH_Frida,Japan,2
Oh_misspizza,United Arab Emirates,2830
OhMyGodKoval,Azerbaijan,1229
ohohahas,United States,11
OhReallyAshley,United States,11
oi_dicko,Unknown,7
oilugii69i,United Arab Emirates,486
old_new_policy,Unknown,15418
_Oleg_Eremeev,United States,35
oleg_evdokimov_,Russian Federation,61
olegIdmitrenko,Russian Federation,511
OlegMusAlfeev,Unknown,17
olenenock,Belarus,463
olesyaudina,Unknown,445
olga_bekher,Azerbaijan,37
olgamorozovamsk,Unknown,510
Olivia1Gb,United States,123
OliviaDWarren,United States,514
oliwaalert,Unknown,7
Olllll_llllie,United States,51
OlyaBolsh,Unknown,454
olyalegend,United States,499
omarhattab2281,Unknown,18
Omar_Mansuri_1,United States,87
Omar_Mansuri_1,Unknown,1
OneLoveUnicorns,United States,23
OneMightyFish,United States,3725
OnlineCleveland,United States,17702
OnlineCleveland,,4
OnlineGomel,Unknown,28
OnlineMemphis,United States,10305
OnlineMemphis,,4
OooonlyOne,Azerbaijan,1407
ooops_vatnik,United States,494
operator_SO,Unknown,39
OpHeroina,Unknown,267
orehovanatalja,Russian Federation,38
OriginOfKaty,United States,75
OrrClay,United States,919
OrvilleMommy,United States,53
Oscar_Rowe_,United States,529
osterr666,United States,546
OstrovOfficer,Unknown,2144
OstrovOfficer,Japan,2
owenywade,United States,3
pabloopatton,United States,67
Paige_Jam,United States,204
PamBLMDaniels,United States,5425
PamelaKealer13,United States,1407
Pamela_Moore13,United States,6211
Pamela_Moore13,,31
Pamela_Sharky13,United States,444
Pamela_Sharky13,Unknown,15
pamellamaybank,United States,62
PamPamOneil,United States,54
PaninaViktorya,United States,477
paninofficialtw,United States,4
PaolaKinck,United States,6696
ParhomenkoYury,Unknown,27
ParisGaaaaay,United States,70
parkisaln,Unknown,6
partyforpatty,United States,8
PashaBatyrev,United States,893
PashaBorodach,Unknown,478
Pati_Cooper,United States,1081
PatriciaDrys,United States,110
Patrick_Clayn,United States,27
Patriot_Archive,United States,3
PatriotBlake,United States,7254
patriotka_rusi,United States,1036
patriototus,United States,1827
PatriotRaphael,United States,1005
pauchens,United Arab Emirates,540
PaulinaNeustart,Germany,175
PaulineTT,United States,3809
Pavel_Ilnsky,Unknown,12
PavelVasilie,Unknown,47
PavIgnatiev,Unknown,17
peacelovejoga,Azerbaijan,412
PeeOnHillary,United States,13
PelevkinT,Azerbaijan,16
pelmenMSK,United Arab Emirates,31
PennySimm,United States,47
Percy_Riddle,United States,208
perespal,Russian Federation,44
perespal,,2
PerssonSandy,United States,12
PetARobbie,United States,81
Peter_Downs_Up,United States,74
PeterKistner,Germany,647
PeterKistner,Unknown,1
PeterMagLob,Germany,181
peterschulz541,Unknown,293
PetrenkoM_,Azerbaijan,27
petrgorelov,Unknown,564
PetrovaKattya,Unknown,487
Petrovanaimelce,Unknown,233
petrova_tatata,United States,491
petrovsergg,Unknown,21
PetrSablin,Unknown,383
PeyRidley,United States,49
PeytonCashOut,United States,4564
PeytonM0del,United States,17
PhiladelphiaON,United States,13382
PhiladelphiaON,,1
PhilGrech,Unknown,39
philip_prichte,Unknown,9
PhillipCarrr,United States,33
Phillip_Chris10,United States,20
PhillyOtero,United States,82
PhoenixDailyNew,United States,13795
PhoenixDailyNew,,1
photomoskow2014,United Arab Emirates,522
PhotoPhomin,Azerbaijan,18
pieceoflemonpie,Unknown,474
PigeonToday,United States,9110
PikinBogdan,Unknown,41
PimenovMichael,United States,10
pipertrTr,Unknown,3
PirelliGina,United States,11
pirova_zhenya,Unknown,521
PiterKarasev,Unknown,34
PittsEste,United States,14
PLAT0V,Unknown,3
PlsCallMeAbby,United States,18
plushevyea,Unknown,503
PoliceStateMe,United States,183
PoliceStateMe,Unknown,47
POLIGRAPHME,United States,204
POLIGRAPHME,Unknown,24
polipropilenova,Russian Federation,441
PoliteRussia,United Arab Emirates,191
PolitExpertNet,United States,6396
PolitExpertNet,,17
PolitExpertNet,Unknown,8
politics__2014,United Arab Emirates,1221
politics_t0day,United States,23034
Politkach2329889815,United Arab Emirates,832
Politkach3435205030,United Arab Emirates,49
polit_observer,United States,93
PolitOpros,Unknown,669
PolitOpros,,43
Politros_com,United States,651
Politros_com,Unknown,182
PolitVlast,Unknown,498
Politweecs,United States,4257
POlllyPollly,Unknown,440
polonskiyy,Unknown,24
polovinca,Unknown,446
pol_warrior,United States,87
polyegolovy,Unknown,62
ponchodrakoncho,Unknown,495
ponomarevSlav,Azerbaijan,1586
PooreKenna,Unknown,508
Popovalerverimu,Unknown,785
Porter_2type,United States,103
portmela,United States,877
power_4life,United States,93
pozitiffchikka,Unknown,27
ppogresseo,Unknown,496
PrettyLaraPlace,United States,6215
prettysashah,United States,134
Pribyshin,Russian Federation,1
PriceForPierce,United States,2826
profdystrophic,Unknown,480
ProjectLandy,United Kingdom,514
ProkofievKonst,Unknown,4
prosto_neprost,Azerbaijan,16
Pruitt_Li,United States,150
publicmorozov,Unknown,7
Puddin_Leto,Unknown,2300
Puddin_Leto,Japan,2
PumpkinShmapkin,Azerbaijan,992
PunnaYoandra,Unknown,9
pureDavie,United States,2334
pureDavie,United Kingdom,403
pureDavie,,4
pusha_072,United Arab Emirates,566
p_u_s_t_o_t_a,Unknown,499
Putintsevacuvas,Unknown,225
Puzja,Russian Federation,11
QueennArielle,United States,1400
queenofthewo,United States,3086
queenofthewo,Unknown,731
queenofthewo,,3
quishabr,Germany,54
quishabr,United States,7
RachDurant,United States,160
rachelray1203,United States,60
RachleesTrmT,Unknown,6
RadekeSofia,United States,183
radnikovaMSK,Unknown,540
RadSabRad,Israel,272
radugkate,Azerbaijan,388
RafeSayied,United States,25
Ragland_land,United States,41
rainbowkrn,Germany,13
rainbowkrn,United States,6
RainyHomie,Unknown,567
RajamanickamDa2,United States,62
RajamanickamDa2,Unknown,2
ralfreimann8891,Unknown,252
ralfreimann8891,United States,86
RallyCharleston,Unknown,8
RallyCharleston,United States,4
RamonasNails,United States,3889
ramVanwage,Iraq,18
Randall_Cooke,United States,168
RandolphBurrr,United States,3276
RaoulDuketwi,United Arab Emirates,540
rapedbyCosby,United States,136
rapirago,United States,17
RareKrista,Germany,120
Raul_Ston,United States,1
ravenicholson,United States,4646
RayeWhalen,United States,115
RayleenNeelam,Unknown,2
rayman_andy,United States,7
razvedchica_,Ukraine,1230
razvedchica_,Japan,1
rba_ndr,Egypt,5
RBurno_,Unknown,40
RDubrovsky,United Arab Emirates,509
ReachItDoIt,United States,819
RealRobert1987,United States,1521
realTEN_GOP4224912857,United States,43
realTEN_GOP901000000000000000,Unknown,101
realwaterlilyy,United States,19
rebeeslyss,Unknown,7
redlanews,United States,1540
RegieBlackmon,United States,4553
RegKaganova,Unknown,499
reindeerdear,Unknown,486
reliisTrT,Unknown,6
renaldokyrou,United States,23
resistersunion,Unknown,307
reznik_eliza,Russian Federation,13
rf_choice,United States,1344
rf_choice,Russian Federation,68
RH0lbr00k,United States,6298
rhodyrollin,United States,72
Riabovguiguemul,Unknown,536
riafanru,Belarus,22397
riafanru,,489
RichardMalMal,United States,22
RichmondVoice,United States,5223
richric_richard,United States,108
rightnpr,United States,837
RikasBar,United States,83
RikkiRi1,Unknown,4
Rima_korotkova,Unknown,704
rimamuhammad2,Israel,2
RinatSabil,Unknown,35
riogithief,United States,624
RisstyTrt,Unknown,851
rita_chern0va,Unknown,48
RitaClopp,Unknown,225
rita_one_love,Russian Federation,1304
RitaPhilipp,Unknown,512
RitterTra,United States,43
RivkaLange,United States,5
rlovenosause,United States,504
Rob_CowMil,United States,67
RobertEbonyKing,United States,7199
roberthorn1990,United States,18
RobertHughess,United States,100
robert_shander,Russian Federation,73
robert_shander,Unknown,11
Robin_Mc_Call,United States,120
RobynMelvoin1,United Arab Emirates,3
robynrhode,United States,35
rockinmafame,United States,5
rockitjan,United States,60
rockthemicro,United States,136
roddphillips,United States,52
rodya_bez,United Arab Emirates,50
RogovIlia,Unknown,1045
RogovValeron,United States,552
RomaBulavin,Azerbaijan,11
RomaKryglov,United Arab Emirates,421
RomanAgafonovv,Azerbaijan,1948
RomanBaluhin,United States,132
RomanFuruchev,United States,556
romanGorolov,Azerbaijan,1750
Romanovageoprud,Unknown,213
romaromaan,United States,554
romashkaMSK,United Arab Emirates,37
RonaldAlllen,United States,57
_RonBen,United States,70
ronick_kk,United States,35
RoofMic,United States,7
RoomOfRumor,United States,28360
Roscoe_Riddle,United States,480
RosieOnFleek,United States,1826
rosist2014,United Arab Emirates,657
rosist_N1,Unknown,148
RossHellYeah,United States,97
rossirossivin,Italy,1246
RossRichrds,Unknown,13
RostockBote,United States,135
RostSergeev,Unknown,31
RoyPreston1st,United States,150
rozgalrima,Unknown,462
rozhkovgen1,United States,181
RriRose,Unknown,805
RriRose,Japan,1
_Ruby_Wills_,United States,340
RuConstitution,Unknown,21
rudemyanenko,United States,20
r_u_life,United States,144
run_n_win,United States,42
ruopentwit,Russian Federation,977
ruopentwit,,50
Rus_Anis,Unknown,216
RusDum,United States,22
RusEye,United States,22
RusEye,Unknown,1
RUS_IN_USA,United States,592
RUS_IN_USA,Unknown,110
rusking1703,United Arab Emirates,237
rusking1703,Unknown,1
Ruslan_Marlin,United Arab Emirates,545
RuslanVaxidov,United States,46
rusnevrotik,Unknown,2403
rusnevrotik,Japan,2
russia42tv,Russian Federation,106
russia42tv,Unknown,12
russia42tv,,6
RussiaIsBeauty,United States,166
russianallies,United Arab Emirates,5047
russianallies,,436
russianmonster7,Unknown,435
russilanrogov,United States,1391
RussoDeclan,United States,35
RyanAmBishop,United States,49
Ryan_Bet,United States,47
ryanesweeney_e,Unknown,3
RyanMaxwell_1,United States,3212
RyannCooperwood,United States,2
RyManMurphy,United States,401
SaarlandBote,United States,128
SaarlandBote,Unknown,6
sabirmuhmuh1,Unknown,27
sabirsalimsa,Unknown,566
sabirsalimsa,Israel,284
SabSabriba,United States,78
sabudai100,Unknown,127
sachcloud,Russian Federation,10
SadieEatonn,United States,515
Saftex,United States,19
saganovavalya,United States,505
saifffouad,Egypt,13
SaifSabirr,Israel,151
salad124,United Arab Emirates,451
salimdjamil4211,Israel,20
salimsalimsabi1,Unknown,14
samanthawow,United States,11
SamChatmannn,United States,48
SamirGooden,United States,5791
sammydixxxon,United States,63
SanAntoTopNews,United States,10665
SanAntoTopNews,,1
SanyaBessonov,United States,467
Sarah_Giaco,United States,11
SarahThhhh,United States,42
Sasha_Berezhnoy,Unknown,421
SashaGreece,Greece,60
_SashaLapin,Afghanistan,1570
sasha_petrenk,Unknown,30
sashatweetor,United Arab Emirates,532
Savajenat,Unknown,6
SaveCooper,United States,28
SavyHurt,United States,41
SayHerName16,United States,25
SayHerName16,Unknown,3
SazzonV,United States,65
SBelov_,Unknown,18
SBorisoglebsky,Unknown,27
ScarleesTruT,Unknown,7
ScarlettHowar15,Unknown,129
SchenkMichi,Germany,54
schultei2,Germany,243
schultei2,United States,81
ScottRapWalton,United States,19
ScreaMin3,United Arab Emirates,214
ScreaMin3,Russian Federation,77
ScreaMin3,Greece,31
ScreaMin3,Finland,20
ScreaMin3,France,18
ScreaMin3,Czech Republic,7
ScreaMin3,Latvia,7
ScreaMin3,Estonia,1
ScreaMin3,Italy,1
ScreamyMonkey,United States,44041
Screlets,Russian Federation,16
ScttCrsn,United States,561
SeanRoy1984,United States,28
Seattle_Post,United States,30800
secondson6969,Unknown,27
Secretreportt,Unknown,23
semchev_ru,Belarus,377
SemenAkrilov,Unknown,9
Semenovadextsap,Unknown,240
SemenovTosha,Unknown,38
semi_zoo,Azerbaijan,192
sem_vadikk,United Arab Emirates,511
serafimastar,Azerbaijan,570
sereesstT,Unknown,17
serega0vladimir,United Arab Emirates,544
SeregaKaverin,Unknown,445
SerenitySanfor,United States,24
sergaksen,Unknown,42
Sergbriantsev,Unknown,1881
Sergeevich_Art,United States,186
Sergeev_Tolik,Azerbaijan,2191
SergeIvchenko,Unknown,567
sergey_027,Unknown,42
SergeyAvdaev,Unknown,266
sergey__o,Azerbaijan,24
SerggBelov,United States,525
sergio_maestri,Italy,978
SergOdincov,Unknown,8
sergo_yarosh,Unknown,531
serhiodabest,Russian Federation,34
Serovtritpoebac,Unknown,237
SerSafronoff,Belarus,18
SevaGrix,United States,42
SevaKocev,Russian Federation,3
sevas_inokent,Azerbaijan,47
ShakhovOfficial,United States,36
shakurusuf,Israel,1
shakymilky,Unknown,464
Shania_Toney,United States,23
ShannonGibsonIm,United States,93
shannyzzzz,United States,95
shapka_mono,Azerbaijan,1522
shapka_mono,Japan,1
Shapovalovanka,Russian Federation,25
Shapovalovanka,United States,15
Sharapovterctil,Unknown,268
ShaylaGarrettt,United States,35
Sheena_ott,United States,130
Sheena_ring,United States,61
Sheila_Shh,United States,34
SherlyMonMonc,United States,145
Sherman_Cn,United States,47
SherMueller,United States,26
Sherrrrley,United States,929
_SherylGilbert,United States,69
ShieldsClint,United States,106
ShikarnoeL,Azerbaijan,2592
ShikarnoeL,Japan,6
Shilovasanctimi,Unknown,350
ShinePhillips,United States,160
shirokovfedor,Unknown,516
ShumitzuYolo,United States,36
shurik_nesterov,Azerbaijan,98
Siccerthanyou,United States,2046
Sidney_Riv,United States,88
SiennaSMM,United States,152
sigermon,United States,769
sigermon,Unknown,1
silent_jenna,United States,7
sillysexysilly,Unknown,491
SincerePruitt,United States,1231
SindyBlossom,United States,188
sinigopajuby,United States,118
_Siniy_Tuman_,Azerbaijan,515
Skwad55_label,United States,186
Skwad55_label,Unknown,90
skyylasrrT,Unknown,3
Slavabulatov,Unknown,33
SlavaGolcev,United Arab Emirates,547
slavaseroff,Unknown,34
slavaZapolsky,Iraq,15
SlavinaOksi,Azerbaijan,1255
slavkaavas,United Arab Emirates,373
SlavMiroslav,Unknown,59
SlavNikonov,Unknown,27
SlavoSLov,Unknown,34
slevin_324,United Arab Emirates,545
SM_Downey,United States,52
SmolnyVasiliy,United States,32
_snowcakes_,Russian Federation,512
SobakiKazinaki,Azerbaijan,1021
Sobolev_Deniss,Iraq,154
sofiatackles,United States,51
sokolosha,Unknown,512
Sokolovadiafluc,Unknown,243
Sokolovaligiden,Unknown,222
Solano_Ki,United States,114
Soler_Mch,United States,75
Solifat,Russian Federation,17
_SolomonAlbert_,United States,36
SonderKatharina,Germany,471
SonjaAndBridges,United States,12
sonyaNikto,United States,492
SophieKole,United States,176
SorMumtaz,Unknown,25
SoSeanBeard,United States,5
SosnovskyAnna,Unknown,8
soulscollecta,Unknown,463
Sound4Boyz,United States,84
SouthLoneStar,United States,3648
SouthLoneStar,,25
southlonestar2,United States,45
sovasof,Unknown,656
sovasof,Japan,1
SovetnikStatski,Azerbaijan,1996
sowatsowat,Unknown,479
SparksDans,United States,4
SpasiboVVP,United States,438
SpbMiss,United States,8
spbsashawolf,United States,536
SPbSport,United Arab Emirates,940
speakoroff405,Unknown,175
spearmintme,Unknown,482
SpecialAffair,United States,32588
spending_gov,Unknown,28
SpuntMelody,United States,63
srahSE,Unknown,894
srahSE,United States,207
SSabrinaHuh,United States,206
SSSofiaAndre,Russian Federation,510
ssus_panther,Canada,285
ssus_panther,United States,160
StaceWaters_,United States,145
Stanley_Cox_,United States,2357
StanleyParris,United States,4266
Stanley_Spivey,United States,8
Starcev_Sergey,United States,7
StarkKonsti,Germany,119
stascyTr,Unknown,6
Stasia_Frolova,United States,517
staywoke88,United States,5539
stepa_hard,Azerbaijan,48
StepanSazono,Unknown,1332
StepaSobolev,United States,154
StepEfimov,United States,10
StephanieTheJaD,United States,18
StepStep_hen,United States,96
sternandreas404,Spain,497
sterrsam,Unknown,1
Stinson_ss,United States,145
StLouisOnline,United States,12707
sto_christi,Germany,148
StolzKristina,Unknown,246
stopbrutal,United States,95
stopigra10,United States,32
stratplanru,Russian Federation,7
stratplanru,United States,3
stratplanru,Unknown,1
StrictGrace,United States,92
strokiNovi,Unknown,296
strokiNovi,Japan,3
StsPerov,Belarus,12
stuttgart_bote,Germany,2953
StWagnerAriana,Germany,174
stylebyalla,Azerbaijan,1832
sudjqero,United States,12
suicEnchantress,Belarus,2207
suicEnchantress,Japan,2
SummerHandy,United States,179
_Sunny_Sonny_,Azerbaijan,788
SunSanB,United States,165
supportruth,Unknown,48
SusanPeterson_,United States,19
SusaYung,United States,1060
susubergerr,Unknown,244
Sutton_tweet,United States,47
svetadubooo,United States,499
svetamercury,United States,475
svetikAll,Belarus,535
svetik_all,Unknown,490
svetlanaleshkov,United States,608
SvetlankaZZzzz,United States,551
SvetZvezdaBalet,Unknown,519
sweetkerry54,United States,120
Sylvie1Freeman,United States,7
sylvielefevrier,France,23
T0ny_0brien,United States,59
T0nyaCrawford,United States,47
T0nyaSinclair,United States,790
Taaniya99,United Arab Emirates,457
Tabachim,United Arab Emirates,505
TagirHasavi,Egypt,9
TaisiaAvdeeva,Azerbaijan,1297
Taisiya_C,Unknown,1048
Taisiya_C,Azerbaijan,5
Taisiya_C,Japan,2
TamaFlan,United States,25
ta_m_a_rka,United Arab Emirates,1139
tami8569,United States,80
Tammy_TamH,United States,198
Tan_Bray,United States,37
tanzilsaid,Israel,3
TARAFORMA,United States,3
taraformation,United States,364
taran_andreyy,Unknown,43
tarastweetor,United Arab Emirates,520
TarasVavilov,Unknown,51
TatianaMaxTV,Sweden,52
TatianaMaxTV,France,3
TatianaMaxTV,Denmark,1
TatianaMaxTV,Switzerland,1
Taylor_Parksy,United States,91
TayyssTruT,Unknown,6
Tazist,United States,15
TebePizdec,United States,2
TedChockholder,United States,5
tedcoolashell,United States,8
tedsanderss,United States,7
tema_artema_,Azerbaijan,18
tema_Korsakov,United States,502
TEN_GOP,United States,11293
TEN_GOP,,48
Teodor_FM_,Azerbaijan,55
Teresa_Boy_le,United States,122
TerrancePatient,United States,37
TerriIsTooGood,United States,78
TerryBever_ly,United States,75
TesssFinn,United States,51
Tess_Snider,United States,1033
TessyElmore,United States,1274
teZaharov,Unknown,1281
thaasliTT,Unknown,6
TheFoundingSon,United States,8736
TheFoundingSon,,127
TheGrandTaylor,United States,13
thelmmisb,Unknown,2768
TheLoneliestDay,Azerbaijan,1121
themanmachine17,United States,406
theovyazgin,United Arab Emirates,44
Theplastic_age,Unknown,3367
TheTrainGuy13,United States,284
thomas_gerster,Germany,483
thomas_gerster,Unknown,116
ThueringenBote,United States,2089
ThueringenBote,Unknown,3
tibufofamac,United States,640
TimBelozertcev,Belarus,11
TimBorvicky,Unknown,36
Ti_Mironov,United Arab Emirates,26
timohaAgafonov,United States,474
timosha_super,United Arab Emirates,907
TinaTkurtz1222,Germany,272
tipaMutko,Azerbaijan,5
tizefakipad,United States,30
TodayBostonMA,United States,6592
TodayBostonMA,,3
TodayCincinnati,United States,11760
TodayCincinnati,,1
todaycleveland,United States,11006
todayinsyria,United Kingdom,14033
todayinsyria,United States,1355
todayinsyria,,13
TodayMiami,United States,12453
TodayMiami,Unknown,1626
TodayMiami,,2
TodayNYCity,United States,18528
TodayNYCity,,6
TodayPittsburgh,United States,33601
TodayPittsburgh,,1
ToGanshin,United States,10
Tolik_Satan,Unknown,511
tolko_anatolko,Azerbaijan,15
TolliverSteph,United States,180
tomas_dane,United States,23
TommyWattsSs,United States,56
toneporter,United States,1805
toneporter,,2
TonyLynnnnn,United States,92
tony_may_,United States,4
TonyWillDo,United States,11
topsecret_lady,Unknown,475
TOURETTESN,United States,58
tovanovpetr1,United States,3
tpartynews,United States,1839
tpartynews,,4
traceyhappymom,United States,4609
traceyhappymom,,6
transspbgpu,United States,513
TravisRespek,United States,1706
TrayneshaCole,United States,7805
TrayneshaCole,,41
Trebitova,Azerbaijan,31
TribunaOnline24,United States,4346
TribunaOnline24,,150
Trinittxs,Unknown,3
Tristan_RichMan,United States,12
TrueNavalny,United States,2
trueneutral0,United States,18
TrusBalbes,Unknown,46
TrytofinditOut,United States,1098
TtlenLen,United States,2825
TtlenLen,Japan,4
tt__norton,United States,81
TTTanyaTT,Russian Federation,480
turangala,United States,14
tvoyamamka1990,Unknown,67
twi_azernikov,Russian Federation,561
twnaidenysh,Unknown,22
tx_independence,Unknown,18
TylerBoyerr,United States,119
TylerBuckBuck,United States,18
TypicalMurica,United States,34
TzeniWuraola,Unknown,11
Ubergar,Russian Federation,15
Uliabelushiva,Unknown,337
UlrikeMckinsey,Unknown,118
umarkhaled05,Israel,12
umarkhaled05,Unknown,2
unicornrainbws,Russian Federation,495
UnikornPopcorn,Unknown,224
ursula_heim,Unknown,113
ursula_heim,United States,103
USA_Gunslinger,United States,3242
USA_Gunslinger,,4
Utrobinacaeserr,Unknown,241
VA_blacknews,United States,262
vadmmm,United States,539
VaganovaSlava,Unknown,482
VainoRussia,United Kingdom,98
vakulenkovass,United Arab Emirates,523
valensij_,United Arab Emirates,514
valentinkamaev,United Arab Emirates,503
ValentinYakush,Unknown,38
ValeraBay,Azerbaijan,19
ValeraDemchyk,Unknown,453
ValeronAduev,United Arab Emirates,353
ValeryaBerestev,Unknown,470
Valeyina_Dm,Azerbaijan,6323
ValyaMoor,Russian Federation,496
Val_Zol,United States,2234
Vanessa_a_Lott,United States,107
VannyGreer,United States,203
VanWhitebirchn,United States,24
VarginSlava,Unknown,27
Varvara_all,Unknown,443
varvaraGRNVA,Azerbaijan,486
Varvara_Kabanov,United States,155
varvara_kop,Azerbaijan,5
VarvarDub,Unknown,493
varyagkreyser,Unknown,129
VashurkinMich,United States,563
VasilFaith,Unknown,565
VasilichVasili,Unknown,2217
VasilievAnt,United Arab Emirates,495
VaskaShelest,United States,566
Vas_mordvin,United Arab Emirates,25
VasyaDobriy,Azerbaijan,33
VatKisa,Azerbaijan,396
VatKisa,Japan,1
Vatnitsa,Azerbaijan,69
vazhankov,United Arab Emirates,508
V_Bakulin,Azerbaijan,107
V_Danchicov,United States,69
vedenskiyartem,United States,361
VelickayaYekat,Unknown,10
vengerovaa,United States,14
vengerovaa,Russian Federation,1
vernigorovan1,Unknown,535
verosanrrt,Unknown,2140
verrellportier,France,18
verrellportier,Unknown,1
VestiMinsk,Unknown,109
VestiZakharova,United States,825
VestnikGrozniy,Russian Federation,1175
vestnikklnngrd,Unknown,42
vestnikpskov,United States,177
vestnikptrzvdsk,Unknown,25
VestnikTula,Unknown,1172
VestnikTula,,65
ViachikZuev,Unknown,273
viadsntR,Unknown,6
ViBorisova,Azerbaijan,1225
vickiebarbar,Germany,163
VickyLovelyG,United States,93
vickyroooy,United States,84
victoriamax45,Spain,2
VictoriaMaximus,United States,8
victor_samsonof,Unknown,67
vika_bere,United States,2
VikaGoGoGO,Russian Federation,493
vikaholidays,Unknown,522
vikaivanovasa,United States,124
vikaivanovasa,Russian Federation,5
vikaklybnika_,United States,507
VikaTiranova,Unknown,496
VikaZotovaa,Unknown,99
Viktor_Lavren,United States,879
vikus1992,Unknown,31
VinzeYuss,Unknown,2
violaastRt,Unknown,5
virendra_coffin,Unknown,42
VirgilSsmith,United States,122
VitaEgorov,Iraq,514
VitaEgorov,,1
VitalijBasixin,United States,172
VitalyiDerbenev,Unknown,626
VitaNosova,United States,11
vitaredhair,Unknown,520
VittoreGuidi,Unknown,2408
VityaGrushin,Azerbaijan,8
vizydyreguji,United States,18
vkosyreva,United States,1
vlad0alekseev,Unknown,29
vladaguskova,Unknown,502
Vladalvanova,Unknown,57
Vlada_Pollo,Unknown,1361
VladEvlanin,Unknown,29
VladGurovv,Unknown,39
vladimir_cmirno,United Arab Emirates,79
vladimirkorz,United States,580
VladimirVorono,United States,174
Vladislav_1986,Unknown,29
Vladislav_Pom,United Arab Emirates,21
vlasov_ya_,Unknown,45
Vld_Am,Unknown,11
VlenelenaV,United Arab Emirates,10
VodniiKrasnov,Azerbaijan,23
VolodinArt,Unknown,495
Voltstern,United States,53
vorobevaNadya,United States,489
Vorobuchek_,United States,11
Voron_Mih,Azerbaijan,13
voroshilov_oleg,United Arab Emirates,457
Vorovskyy,Azerbaijan,35
vovamerkush,United States,58
VovanAbramkin,Unknown,32
Vunona,United States,12
vvarlamovv,Azerbaijan,22
V_vasilevna,Azerbaijan,79
Vverayakovleva,Unknown,495
vysekii,Unknown,34
vysekii1,United Arab Emirates,597
WadeBintou,United States,31
wadeharriot,United States,6080
Walter_Hey,United States,31
WarfareWW,United States,2939
WarfareWW,Russian Federation,275
WarfareWW,,5
warrenport,United States,1
warriors_aztlan,Unknown,74
WashingtOnline,United States,11768
WatchMeWalkin,United States,8206
WatsonTaytay,United States,10
Wayne_Drake_,United States,980
wazeme_zina,Unknown,3
weconquerworld,United States,19
wernerboch,Germany,107
WesternWindWes,United States,2086
WeWantFreedomNY,United States,44
whatsupppadams,United States,8
WhiteHouseCards,United States,1860
WhiteHouseCards,,203
WhiteHouseCards,Unknown,25
whocares423,United States,52
whoiswho_org,United States,409
whoiswho_org,,3
wikavecykeko,Unknown,465
wildharee,United States,557
WileyWorkout,United States,60
Williams8kalvin,Unknown,1048
Williams8kalvin,,15
Williams_Diana_,United States,177
Willie_BigN,United States,43
WillieTheLion,United States,114
WillisBonnerr,United States,5027
WillJohnYOLO,Unknown,78
WilllliBrown,United States,21
winst_martin,United States,29
WokeFromDay1,United States,1424
wokeluisa,United States,2286
wokeluisa,Unknown,9
WonderHann,United States,353
WonderHann,United Kingdom,80
WorldnewsPoli,Unknown,26176
WorldnewsPoli,United States,10784
WorldnewsPoli,,14
WorldOfHashtags2882448697,United States,1
WorldOfHashtags3438999494,United States,23718
WorldOfHashtags3438999494,,5
Wwornpath,United States,6
xdWillie,United States,423
YaelTrouble,United States,706
yah_maLina,Azerbaijan,79
yalansky_d,Unknown,33
YanaGreben,Unknown,453
YaroslavVeliky,United States,138
YatTVRussia,Unknown,210
YatTVRussia,,2
ya_yarik_,United Arab Emirates,48
ykudaj681,United Arab Emirates,523
Yllia0,United Arab Emirates,30
YoloBuhurto,Unknown,23
YoloBuhurto,Japan,1
YouJustCtrlC,United States,3651
youknewmyname,Unknown,500
youknowJillian,United States,5
_your_lifestyle,Unknown,456
_your_lifestyle,United States,224
YourLovelyCarol,United States,15
Yura_Anicimov,United States,46
YuryKuznetsov65,Unknown,57
zabelinn,United States,471
zachistievibori,United Arab Emirates,261
zachistievibori,Russian Federation,3
zachistievibori,,1
zakialqadir,Israel,6
Zakirovcehusese,Unknown,385
ZaozerskyVlad,United Arab Emirates,423
zaplatovaalena,Unknown,11
ZaytcevY,Iraq,17
ZazhilMikhail,Unknown,31
ZdrasteNastia,Azerbaijan,897
zebroid_23,United Arab Emirates,668
Zeldinnumber1,United Arab Emirates,15
ZenDmitrov,Unknown,37
zhivnov,Unknown,471
Zhi_Yue_,United States,45
Zililinym,United States,16
ZimnikovaVenera,United Arab Emirates,42
Zina_Romova,Unknown,539
zinclinedcoffin,Unknown,3
Zinovchi,Saudi Arabia,48
Zion_Frazier,United States,64
Zistti,Unknown,1685
zlobuchka,United States,559
zloykurs,Unknown,189
ZnatniyBukharik,United States,538
zollielemon,United States,97
Zotova_uno,Unknown,60
Zshaanna,United Arab Emirates,433
zubovnik,Unknown,4943
zubovnik,,68
zubovnik,Russian Federation,3
zvezdnii_voin,Azerbaijan,83
Zvyaginzeva,Unknown,510
zweig_maria,Unknown,212
ZzaraCross,United States,151
ZzzacharyZzz,United States,5516
